Date From;Date To;Name;Venue;Country;Category;Calendar;Class;EMail;Website
02.10.2021;02.10.2021;Profronde van Surhuisterveen om de Gouden Fiets;Surhuisterveen;NED;ME;EUR;CRTP;info@wielrennensurhuisterveen.nl;www.wielrennensurhuisterveen.nl
02.10.2021;02.10.2021;Profronde van Surhuisterveen om de Gouden Fiets;Surhuisterveen;NED;WE;EUR;CRTP;info@wielrennensurhuisterveen.nl;www.wielrennensurhuisterveen.nl
29.10.2021;07.11.2021;Tour du Faso;;BUR;ME;AFR;2.2;holdingpresta@yahoo.fr;www.tourdufaso.bf
31.10.2021;07.11.2021;Vuelta Ciclista a Venezuela;;VEN;ME;AME;2.2;fvciclismove@gmail.com;http://twitter.com/fvciclismo
06.11.2021;06.11.2021;Giro d'Italia Criterium;Dubai;UAE;ME;ASI;CRTP;luca.papini@rcs.it;
14.11.2021;14.11.2021;National Criterium Championships - New Zealand;Christchurch;NZL;ME;OCE;CRT;events@cyclingnewzealand.nz;www.criteriumnationals.nz/
14.11.2021;14.11.2021;National Criterium Championships - New Zealand;Christchurch;NZL;WE;OCE;CRT;events@cyclingnewzealand.nz;www.criteriumnationals.nz/
28.11.2021;28.11.2021;MONACO BIKING;MONACO;MON;ME;EUR;CRTP;claudia@teamcmt.com;http://www.bekingeevents.com
01.12.2021;03.12.2021;Pan American Youth Games;;COL;MU;AME;1.2;presidencia@federacioncolombianadeciclismo.com;www.federacioncolombianadeciclismo.com
01.12.2021;03.12.2021;Pan American Youth Games;;COL;WU;AME;1.2;presidencia@federacioncolombianadeciclismo.com;www.federacioncolombianadeciclismo.com
01.12.2021;06.12.2021;The Princess Maha Chakri Sirindhorn's Cup Tour of Thailand;;THA;ME;ASI;2.1;taca1959@yahoo.com;www.thaicycling.or.th
08.12.2021;10.12.2021;"The Princess Maha Chackri Sirindhorn's Cup ""Women's Tour of Thailand""";;THA;WE;MON;2.1;taca1959@yahoo.com;www.thaicycling.or.th
08.12.2021;15.12.2021;Vuelta Ciclista al Ecuador;;ECU;ME;AME;2.2;ecuatorianadeciclismo@gmail.com;ECUADOR
29.12.2021;31.12.2021;National Road Championships - Malaysia (2021);;MAS;;ASI;CN;mncf@mail.com;http://mncf.org.my
05.01.2022;09.01.2022;New Zealand Cycle Classic;;NZL;ME;OCE;2.2;jorgesandovalnz@gmail.com;www.cycletournz.com
08.01.2022;09.01.2022;Bay Crits;Geelong;AUS;ME;OCE;CRT;karin@ksjevents.com.au;https://www.facebook.com/BayCyclingClassic/
12.01.2022;16.01.2022;National Road Championships - Australia;;AUS;;OCE;CN;road@auscycling.org.au;https://www.roadnationals.org.au/
16.01.2022;23.01.2022;Vuelta al Tachira en Bicicleta;;VEN;ME;AME;2.2;"fvciclismove@gmail.com; atccontacto1@gmail.com";www.lavueltaaltachira.com
23.01.2022;23.01.2022;Clàssica Comunitat Valenciana 1969 - Gran Premi València;;ESP;ME;EUR;1.2;info@cclamarina.org;www.voltalamarina.org
26.01.2022;26.01.2022;Trofeo Calvia;;ESP;ME;EUR;1.1;info@unisportconsulting.com;
27.01.2022;27.01.2022;Trofeo Serra de Tramuntana (Lloseta - Deia);;ESP;ME;EUR;1.1;info@unisportconsulting.com;www.vueltamallorca.com
28.01.2022;28.01.2022;Trofeo Pollença - Port d' Andratx;;ESP;ME;EUR;1.1;info@unisportconsulting.com;www.vueltamallorca.com
28.01.2022;01.02.2022;Tour of Sharjah;;UAE;ME;ASI;2.2;sharjahtour@sharjahsports.shj.ae;www.sharjahtour.ae
29.01.2022;29.01.2022;Trofeo Alcudia - Port D' Alcudia;;ESP;ME;EUR;1.1;info@unisportconsulting.com;www.vueltamallorca.com
30.01.2022;30.01.2022;Grand Prix Cycliste de Marseille La Marseillaise;;FRA;ME;EUR;1.1;pguille@lamarseillaise.fr;www.lamarseillaise.fr
30.01.2022;30.01.2022;Grand Prix Megasaray;;TUR;ME;EUR;1.2;info@bisiklet.gov.tr;www.bisiklet.gov.tr
30.01.2022;30.01.2022;Trofeo Playa de Palma - Palma;;ESP;ME;EUR;1.1;info@unisportconsulting.com;www.vueltamallorca.com
01.02.2022;04.02.2022;National Road Championships - Qatar;;QAT;;ASI;CN;qctf@olympic.qa;https://qatarcycling.org/
01.02.2022;05.02.2022;Saudi Tour;;KSA;ME;ASI;2.1;pythouault@aso.fr;
02.02.2022;06.02.2022;Etoile de Bessèges - Tour du Gard;;FRA;ME;EUR;2.1;etoiledebesseges@wanadoo.fr;www.etoiledebesseges.com
02.02.2022;06.02.2022;Volta a la Comunitat Valenciana;;ESP;ME;EUR;2.Pro;dir@vueltacv.com;www.vueltacv.com
04.02.2022;06.02.2022;National Road Championships - Namibia;;NAM;;AFR;CN;info@namcf.org;www.namcf.org
05.02.2022;05.02.2022;Grand Prix Alanya;;TUR;ME;EUR;1.2;info@bisiklet.gov.tr;www.bisiklet.gov.tr
06.02.2022;06.02.2022;Grand Prix Velo Manavgat;;TUR;WE;EUR;1.2;info@bisiklet.gov.tr;www.bisiklet.gov.tr
06.02.2022;06.02.2022;Vuelta CV Feminas;;ESP;WE;EUR;1.1;feminas@vueltacv.com;www.vueltacv.com
09.02.2022;13.02.2022;Vuelta del Porvenir San Luis;;ARG;ME;AME;2.2;cintia.ram.sl@gmail.com;
10.02.2022;13.02.2022;Tour of Antalya;;TUR;ME;EUR;2.1;info@tourofantalya.com;www.tourofantalya.com
10.02.2022;13.02.2022;Tour de la Provence;;FRA;ME;EUR;2.Pro;pmcourtade@yahoo.fr;http://www.tourdelaprovence.fr/
10.02.2022;13.02.2022;National Road Championships - Colombia;;COL;;AME;CN;presidencia@federacioncolombianadeciclismo.com;www.federacioncolombianadeciclismo.com
11.02.2022;13.02.2022;National Road Championships - New Zealand (Elite);;NZL;;OCE;CN;events@cyclingnewzealand.nz;www.eliteroadnationals.nz/
11.02.2022;13.02.2022;National Road Championships - South Africa;;RSA;;AFR;CN;dellah.paul@cyclingsa.com;www.cyclingsa.com
12.02.2022;12.02.2022;Vuelta Ciclista a la Region de Murcia Costa Calida;;ESP;ME;EUR;1.1;pacoguzman@vueltamurcia.es;www.vueltamurcia.es
13.02.2022;13.02.2022;Clasica de Almeria;;ESP;ME;EUR;1.Pro;clasicadealmeria@hotmail.com;www.clasicadealmeria.net
14.02.2022;14.02.2022;Jaén Paraiso Interior;;ESP;ME;EUR;1.1;mompa@laatsteronde.es;
16.02.2022;20.02.2022;Volta ao Algarve em Bicicleta;;POR;ME;EUR;2.Pro;geral@fpciclismo.pt;www.voltaaoalgarve.com
16.02.2022;20.02.2022;Vuelta a Andalucia Ruta Ciclista Del Sol;;ESP;ME;EUR;2.Pro;joaquin@deporinter.es;www.vueltaandalucia.es
17.02.2022;20.02.2022;Setmana Valenciana-Volta Comunitat Valenciana Fémines;;ESP;WE;EUR;2.1;mkt@ccescapada.com;
18.02.2022;20.02.2022;Tour des Alpes Maritimes et du Var;;FRA;ME;EUR;2.1;tour0683@nicematin.fr;www.tour06-83.com
18.02.2022;20.02.2022;National Road Championships - Ecuador;;ECU;;AME;CN;secretaria@fec.ec;
19.02.2022;19.02.2022;Grand Prix Velo Alanya;;TUR;ME;EUR;1.2;info@bisiklet.gov.tr;www.bisiklet.gov.tr
19.02.2022;19.02.2022;Grand Prix Velo Alanya;;TUR;WE;EUR;1.2;info@bisiklet.gov.tr;www.bisiklet.gov.tr
20.02.2022;20.02.2022;Grand Prix Justiniano Race;;TUR;WE;EUR;1.2;info@bisiklet.gov.tr;www.bisiklet.gov.tr
20.02.2022;20.02.2022;Grand Prix Justiniano Race;;TUR;ME;EUR;1.2;info@bisiklet.gov.tr;www.bisiklet.gov.tr
20.02.2022;26.02.2022;UAE Tour;;UAE;ME;UWT;2.UWT;luca.papini@rcs.it;www.theuaetour.com
20.02.2022;27.02.2022;Tour du Rwanda;;RWA;ME;AFR;2.1;contact@tourdurwanda.rw;www.tourdurwanda.rw
24.02.2022;27.02.2022;Gran Camiño;;ESP;ME;EUR;2.1;EME@EMESPORTS.ES;
26.02.2022;26.02.2022;Faun-Ardèche Classic;;FRA;ME;EUR;1.Pro;guillaume.delpech@bdao.info;www.boucles-drome-ardeche.fr
26.02.2022;26.02.2022;Omloop Het Nieuwsblad-vrouwen elite / Circuit Het Nieuwsblad-Femmes Elite;;BEL;WE;EUR;1.Pro;wim.vanherreweghe@flandersclassics.be / maja.leye@flandersclassics.be;www.flandersclassics.be
26.02.2022;26.02.2022;Omloop Het Nieuwsblad Elite;;BEL;ME;UWT;1.UWT;wim.vanherreweghe@flandersclassics.be;www.flandersclassics.be
27.02.2022;27.02.2022;Craywinckelhof - Omloop van het Hageland;;BEL;WE;EUR;1.1;roger.nolmans55@gmail.com;www.cttilt.be
27.02.2022;27.02.2022;Kuurne - Brussel - Kuurne Juniors;;BEL;MJ;EUR;1.1;info@kuurne-brussel-kuurne.be;www.kuurne-brussel-kuurne.be
27.02.2022;27.02.2022;Kuurne - Bruxelles - Kuurne;;BEL;ME;EUR;1.Pro;info@kuurne-brussel-kuurne.be;www.kuurne-brussel-kuurne.be
27.02.2022;27.02.2022;Drome Classic;;FRA;ME;EUR;1.Pro;guillaume.delpech@bdao.info;www.boucles-drome-ardeche.fr
01.03.2022;01.03.2022;Le Samyn des Dames;;BEL;WE;EUR;1.1;jeanlucvdb@skynet.be;WWW.LESAMYN.BE
01.03.2022;01.03.2022;Le Samyn;;BEL;ME;EUR;1.1;jeanlucvdb@skynet.be;www.lesamyn.be
02.03.2022;02.03.2022;Trofej Umag - Umag Trophy;;CRO;ME;EUR;1.2;bk.kamen.pazin@pu.t-com.hr;
02.03.2022;02.03.2022;Trofeo Laigueglia;;ITA;ME;EUR;1.Pro;segreteria@comune.laigueglia.sv.it;www.trofeolaigueglia.it
02.03.2022;06.03.2022;Vuelta Ciclista a Chiloe;;CHI;ME;AME;2.2;vueltaachiloe@gmail.com;www.vueltaachiloe.cl
02.03.2022;06.03.2022;Jelajah Malaysia;;MAS;ME;ASI;2.2;jelajahmalaysia@mail.com;http://mncf.org.my/mncf
03.03.2022;03.03.2022;Manavgat Side Junior (ITT);;TUR;MJ;EUR;2.1;info@bisiklet.gov.tr;www.bisiklet.gov.tr
03.03.2022;05.03.2022;Bloeizone Fryslan;;NED;WE;EUR;2.1;healthyageingtour@gmail.com;www.healthyageingtour.nl
03.03.2022;10.03.2022;Le Tour de Langkawi;;MAS;ME;ASI;2.Pro;mncf@mail.com;mncf@org.my
04.03.2022;04.03.2022;Manavgat Side Junior (IRR);;TUR;MJ;EUR;2.1;info@bisiklet.gov.tr;www.bisiklet.gov.tr
04.03.2022;05.03.2022;National Road Championships - United Arab Emirates (ITT);;UAE;;ASI;CN;technical@uaecf.ae;
05.03.2022;05.03.2022;Craft Ster van Zwolle;;NED;ME;EUR;1.2;janvanommen@planet.nl;www.stervanzwolle.nl
05.03.2022;05.03.2022;Grand Prix Gazipasa;;TUR;ME;EUR;1.2;info@bisiklet.gov.tr;www.bisiklet.gov.tr
05.03.2022;05.03.2022;Grand Prix Gazipasa;;TUR;WE;EUR;1.2;info@bisiklet.gov.tr;www.bisiklet.gov.tr
05.03.2022;05.03.2022;Strade Bianche;;ITA;WE;MON;1.WWT;giusy.virelli@rcs.it;www.strade-bianche.it
05.03.2022;05.03.2022;Strade Bianche;;ITA;ME;UWT;1.UWT;stefano.allocchio@rcs.it;www.strade-bianche.it
06.03.2022;06.03.2022;Grand Prix de la Ville de Lillers Souvenir Bruno Comini;;FRA;ME;EUR;1.2;rso.gplillers@gmail.com;gp2lillers.fr
06.03.2022;06.03.2022;Grand Prix Mediterrennean;;TUR;ME;EUR;1.2;info@bisiklet.gov.tr;www.bisiklet.gov.tr
06.03.2022;06.03.2022;Grand Prix Mediterrennean;;TUR;WE;EUR;1.2;info@bisiklet.gov.tr;www.bisiklet.gov.tr
06.03.2022;06.03.2022;Bloeizone Elfsteden Fryslan;;NED;ME;EUR;1.2;thijs.rondhuis@gmail.com;
06.03.2022;06.03.2022;Grote prijs Jean - Pierre Monseré;;BEL;ME;EUR;1.1;info@gpmonsere.be;www.gpmonsere.be
06.03.2022;06.03.2022;Trofej Poreč - Poreč Trophy;;CRO;ME;EUR;1.2;bk.kamen.pazin@pu.t-com.hr;
06.03.2022;06.03.2022;TROFEO ORO IN EURO - WOMEN'S BIKE RACE;;ITA;WE;EUR;1.2;montignosociclismo@gmail.com;www.montignosociclismo.org
06.03.2022;13.03.2022;Paris-Nice;;FRA;ME;UWT;2.UWT;tgouvenou@aso.fr;www.letour.fr
07.03.2022;13.03.2022;Tirreno-Adriatico;;ITA;ME;UWT;2.UWT;stefano.allocchio@rcs.it;www.tirrenoadriatico.it
08.03.2022;08.03.2022;Gran Premio de la Patagonia;;CHI;ME;AME;1.2;granpremiodelapatagonia@gmail.com;www.granpremiodelapatagonia.cl
09.03.2022;09.03.2022;GP Oetingen;;BEL;WE;EUR;1.1;Gp.oetingen@outlook.be;www.gooiksportief.be
10.03.2022;13.03.2022;Istarsko Proljeće - Istrian Spring Trophy;;CRO;ME;EUR;2.2;bk.kamen.pazin@pu.t-com.hr;
11.03.2022;11.03.2022;Drentse Acht van Westerveld;;NED;WE;EUR;1.2;rondevandrenthe@home.nl;www.rondevandrenthe.nl
11.03.2022;18.03.2022;National Road Championships - United Arab Emirates (IRR);;UAE;;ASI;CN;technical@uaecf.ae;
11.03.2022;20.03.2022;Vuelta Ciclista Internacional a Costa Rica;;CRC;ME;AME;2.2;fecoci@fecoci.net;www.fecoci.net
12.03.2022;12.03.2022;Miron Ronde van Drenthe;;NED;WE;MON;1.WWT;rondevandrenthe@home.nl;www.rondevandrenthe.nl
12.03.2022;12.03.2022;Danilith Nokere Koerse;;BEL;MJ;EUR;1.1;info@nokerekoerse.be;www.nokerekoerse.be
12.03.2022;13.03.2022;South Aegean Tour;;GRE;ME;EUR;2.2;rhodescycling@gmail.com;www.rhodestour.gr
13.03.2022;13.03.2022;Albert Achterhes Profronde van Drenthe ;;NED;ME;EUR;1.1;rondevandrenthe@home.nl;www.rondevandrenthe.nl
13.03.2022;13.03.2022;Dorpenomloop Rucphen;;NED;ME;EUR;1.2;info@dorpenomlooprucphen.nl;www.dorpenomlooprucphen.nl
13.03.2022;13.03.2022;Classica da Arrabida - Cyclin'Portugal;;POR;ME;EUR;1.2;geral@fpciclismo.pt;www.fpciclismo.pt
16.03.2022;16.03.2022;Danilith Nokere Koerse;;BEL;ME;EUR;1.Pro;info@nokerekoerse.be;www.nokerekoerse.be
16.03.2022;16.03.2022;Danilith Nokere Koerse;;BEL;WE;EUR;1.Pro;info@nokerekoerse.be;
16.03.2022;16.03.2022;Milano - Torino;;ITA;ME;EUR;1.Pro;luca.papini@rcs.it;www.milanotorino.it
16.03.2022;20.03.2022;Volta ao Alentejo;;POR;ME;EUR;2.2;geral@podi1.com;www.podi1.com
16.03.2022;20.03.2022;Olympia's Tour;;NED;ME;EUR;2.2;thijs.rondhuis@gmail.com;www.olympiastour.com
17.03.2022;17.03.2022;Velo Alanya Junior (ITT);;TUR;MJ;EUR;2.1;info@bisiklet.gov.tr;www.bisiklet.gov.tr
17.03.2022;17.03.2022;Grand Prix de Denain - Porte du Hainaut;;FRA;ME;EUR;1.Pro;dominique.serrano@gpdenain.fr;www.gpdenain.fr
18.03.2022;18.03.2022;Velo Alanya Junior (IRR);;TUR;MJ;EUR;2.1;info@bisiklet.gov.tr;www.bisiklet.gov.tr
18.03.2022;18.03.2022;Bredene Koksijde Classic;;BEL;ME;EUR;1.Pro;bertpattyn@skynet.be;www.bredenekoksijdeclassic.be
18.03.2022;18.03.2022;Youngster Coast Challenge;;BEL;MU;EUR;1.2U;bertpattyn@skynet.be;www.bredenekoksijdeclassic.be
18.03.2022;20.03.2022;National Road Championships - Argentina;;ARG;;AME;CN;secretariafacpyr@yahoo.com.ar;www.ciclismoarg.com.ar
19.03.2022;19.03.2022;Grand Prix Manavgat Side;;TUR;ME;EUR;1.2;info@bisiklet.gov.tr;www.bisiklet.gov.tr
19.03.2022;19.03.2022;Classic Loire Atlantique;;FRA;ME;EUR;1.1;classic.loire-atlantique@wanadoo.fr;www.classic-loire-atlantique.com
19.03.2022;19.03.2022;Milano-Sanremo;;ITA;ME;UWT;1.UWT;stefano.allocchio@rcs.it;www.milanosanremo.it
20.03.2022;20.03.2022;Cholet - Pays de la Loire;;FRA;ME;EUR;1.1;choletpaysdelaloire@choletevenements.fr;www.choletpaysdelaloire.fr
20.03.2022;20.03.2022;International Rhodes Grand Prix;;GRE;ME;EUR;1.2;rhodescycling@gmail.com;www.rhodestour.gr
20.03.2022;20.03.2022;Per Sempre Alfredo;;ITA;ME;EUR;1.1;gsemiliaciclismo@tin.it;
20.03.2022;20.03.2022;Popolarissima;;ITA;ME;EUR;1.2;uctrevigiani@libero.it;
20.03.2022;20.03.2022;Piccolo Trofeo Alfredo Binda - Valli del Verbano;;ITA;WJ;EUR;1.Ncup;"mario.minervino@trofeobinda.com; mario.minervino@email.it";www.cyclingsportpromotion.com
20.03.2022;20.03.2022;Grand Prix Gündoğmuş;;TUR;ME;EUR;1.2;info@bisiklet.gov.tr;www.bisiklet.gov.tr
20.03.2022;20.03.2022;Guido Reybrouck Classic;;BEL;MJ;EUR;1.1;hubert.vannieuwkerke@gmail.com;www.GRclassic.be
20.03.2022;20.03.2022;GP Slovenian Istria;;SLO;ME;EUR;1.2;kzs@kolesarska-zveza.si;www.kolesarska-zveza.si
20.03.2022;20.03.2022;Bernaudeau Junior;;FRA;MJ;EUR;1.1;frederic.gauvrit@outlook.com;www.labernaudeaujunior.fr
20.03.2022;20.03.2022;Grand Prix Criquielion;;BEL;ME;EUR;1.2;info@tentecyclisteacrenoise.be;www.ententecyclisteacrenoise.be
20.03.2022;20.03.2022;Trofeo Alfredo Binda - Comune di Cittiglio;;ITA;WE;MON;1.WWT;"mario.minervino@email.it; mario.minervino@trofeobinda.com";www.cyclingsportpromotion.com
20.03.2022;27.03.2022;Tour of Hainan;;CHN;ME;ASI;2.Pro;tourofhainan@163.com;www.tourofhainan.com
21.03.2022;27.03.2022;Tour de Normandie;;FRA;ME;EUR;2.2;aanquetil@tdncycliste.com;www.tourdenormandiecycliste.fr
21.03.2022;27.03.2022;Volta Ciclista a Catalunya;;ESP;ME;UWT;2.UWT;volta@voltacatalunya.cat;www.voltacatalunya.cat
22.03.2022;26.03.2022;Settimana Internazionale Coppi e Bartali;;ITA;ME;EUR;2.1;gsemiliaciclismo@tin.it;www.gsemilia.it
23.03.2022;23.03.2022;Oxyclean Classic Brugge-De Panne;;BEL;ME;UWT;1.UWT;secretariaat@kvcps.be;www.oxycleanclassic.be
24.03.2022;24.03.2022;Oxyclean Classic Brugge-De Panne;;BEL;WE;MON;1.WWT;secretariaat@kvcps.be;www.oxycleanclassic.be
24.03.2022;24.03.2022;GP Vipava Valley & Crossborder Goriška;;SLO;ME;EUR;1.2;cycling@meblojogi.si;
24.03.2022;27.03.2022;International Tour of Rhodes;;GRE;ME;EUR;2.2;rhodescycling@gmail.com;www.rhodestour.gr
25.03.2022;25.03.2022;E3 Saxo Bank Classic;;BEL;ME;UWT;1.UWT;info@e3saxobankclassic.be;www.e3saxobankclassic.be
25.03.2022;26.03.2022;National Road Championships - Bahrain;;BRN;;ASI;CN;bca.reg@gmail.com;bahraincycling.org
25.03.2022;29.03.2022;Asian Road Cycling Championships;;TJK;;ASI;CC;communication@tcf.tj;
25.03.2022;01.04.2022;National Road Championships - Oman;;OMA;;ASI;CN;omancyclingassociation@hotmail.com;www.omancyclingassociation.gov.com
27.03.2022;27.03.2022;Gent-Wevelgem in Flanders Fields;;BEL;ME;UWT;1.UWT;"nicolas.denys@flandersclassics.be; bram.caignau@flandersclassics.be";www.gent-wevelgem.be
27.03.2022;27.03.2022;Gent-Wevelgem In Flanders Fields;;BEL;WE;MON;1.WWT;"nicolas.denys@flandersclassics.be; bram.caignau@flandersclassics.be";www.gent-wevelgem.be
27.03.2022;27.03.2022;GP Adria Mobil;;SLO;ME;EUR;1.2;cycling@adria-mobil.com;
27.03.2022;27.03.2022;La Roue Tourangelle Centre Val de Loire - Trophée Groupama Paris Val de Loire;;FRA;ME;EUR;1.1;touraineevenementsport@wanadoo.fr;www.larouetourangelle.com
27.03.2022;27.03.2022;Tr. Città di S. Vendemiano - GP Industria & Commercio;;ITA;MU;EUR;1.2U;veloclubsanvendemiano@yahoo.com - trofeocittadisanvendemiano@yahoo.com;www.veloclubsanvendemiano.it
27.03.2022;27.03.2022;GP Industria & Artigianato;;ITA;ME;EUR;1.Pro;info@ciclismolarcianese.it;www.ciclismolarcianese.it
27.03.2022;27.03.2022;Gent-Wevelgem / Grote Prijs A. Noyelle-Ieper;;BEL;MJ;EUR;1.Ncup;bart.vannieuwenhuyze@telenet.be;www.kattekoers.be
27.03.2022;27.03.2022;Gent-Wevelgem;;BEL;WJ;EUR;1.Ncup;wvancauwenberge@hotmail.com;www.gent-wevelgem.be
27.03.2022;27.03.2022;Gent-Wevelgem / Kattekoers-Ieper;;BEL;MU;EUR;1.Ncup;bart.vannieuwenhuyze@telenet.be;www.kattekoers.be
29.03.2022;01.04.2022;National Road Championships - Saudi Arabia;;KSA;;ASI;CN;info@sacf.sa;
30.03.2022;30.03.2022;Dwars door Vlaanderen - A travers la Flandre;;BEL;WE;EUR;1.1;women@ddvl.eu;www.dwarsdoorvlaanderen.be
30.03.2022;30.03.2022;Dwars door Vlaanderen - A travers la Flandre;;BEL;ME;UWT;1.UWT;info@ddvl.eu;www.ddvl.eu
31.03.2022;03.04.2022;Le Triptyque des Monts et Châteaux;;BEL;MU;EUR;2.2U;jpdelitte@gmail.com;www.petitereinefrasnoise.be
01.04.2022;01.04.2022;La Route Adélie de VItré;;FRA;ME;EUR;1.1;alain.ramir@orange.fr;www.routeadelievitre.fr
01.04.2022;06.04.2022;The Princess Maha Chakri Sirindhorns Cup Tour of Thailand;;THA;ME;ASI;2.1;taca1959@yahoo.com;www.thaicycling.or.th
02.04.2022;02.04.2022;Gran Premio Miguel Indurain;;ESP;ME;EUR;1.Pro;secretaria@clubciclistaestella.com;www.clubciclistaestella.com
02.04.2022;02.04.2022;Volta Limburg Classic;;NED;ME;EUR;1.1;info@voltalimburgclassic.nl;www.voltalimburgclassic.nl
03.04.2022;03.04.2022;Trofeo Piva;;ITA;MU;EUR;1.2U;accolsanmartino@libero.it;www.accolsanmartino.it
03.04.2022;03.04.2022;GIRO DI PRIMAVERA;;ITA;MJ;EUR;1.1;sanvendemianocyclingteam@yahoo.com;www.sanvendemianocyclingteam.it
03.04.2022;03.04.2022;Ronde van Vlaanderen - Tour des Flandres;;BEL;WE;MON;1.WWT;maja.leye@flandersclassics.be;www.flandersclassics.be
03.04.2022;03.04.2022;Ronde van Vlaanderen - Tour des Flandres;;BEL;ME;UWT;1.UWT;info@flandersclassics.be;www.flandersclassics.be
04.04.2022;09.04.2022;Itzulia Basque Country;;ESP;ME;UWT;2.UWT;admon@oceta.eus;www.itzulia.eus
05.04.2022;08.04.2022;Circuit Cycliste Sarthe - Pays de la Loire;;FRA;ME;EUR;2.1;circuit-cycliste.sarthe.paysdelaloire@wanadoo.fr;www.sarthe.fr
05.04.2022;08.04.2022;Tour of Mevlana;;TUR;ME;EUR;2.2;info@bisiklet.gov.tr;www.bisiklet.gov.tr
06.04.2022;06.04.2022;Scheldeprijs vrouwen elite;;BEL;WE;EUR;1.1;INFO@SCHELDEPRIJS.BE;WWW.SCHELDEPRIJS.BE
06.04.2022;06.04.2022;Scheldeprijs;;BEL;ME;EUR;1.Pro;info@scheldeprijs.be;www.scheldeprijs.be
06.04.2022;09.04.2022;Circuit des Ardennes;;FRA;ME;EUR;2.2;circuitdesardennes@orange.fr;www.circuitdesardennes.fr
08.04.2022;10.04.2022;Internationale Cottbuser Junioren-Etappenfahrt;;GER;MJ;EUR;2.1;info@rsc-cottbus.de;www.rsc-cottbus.de
08.04.2022;10.04.2022;The Princess Maha Chackri Sirindhorns Cup Womens Tour of Thailand;;THA;WE;ASI;2.1;taca1959@yahoo.com;www.thaicycling.or.th
08.04.2022;17.04.2022;Vuelta Ciclista del Uruguay;;URU;ME;AME;2.2;"p.quintana2006@hotmail.com; parcinco@gmail.com";
09.04.2022;09.04.2022;Trofeo Edil c;;ITA;MU;EUR;1.2U;virtuscollecchio@gmail.com;www.virtuscollecchio.com
09.04.2022;10.04.2022;Adriatic Montenegro Race;;MNE;ME;EUR;2.2;sinmil@t-com.me;
10.04.2022;10.04.2022;Amstel Gold Race;;NED;ME;UWT;1.UWT;info@amstelgoldrace.nl;www.amstelgoldrace.nl
10.04.2022;10.04.2022;Amstel Gold Race Ladies Edition;;NED;WE;MON;1.WWT;info@amstelgoldrace.nl;www.amstelgoldrace.com
10.04.2022;17.04.2022;Presidential Cycling Tour of Turkey;;TUR;ME;EUR;2.Pro;info@bisiklet.gov.tr;www.tourofturkey.org.tr
12.04.2022;12.04.2022;Paris - Camembert;;FRA;ME;EUR;1.1;copc61@orange.fr;paris-camembert.ifrance.com
12.04.2022;15.04.2022;Giro di Sicilia - Tour of Sicily;;ITA;ME;EUR;2.1;"luca.papini@rcs.it ; natalino.ferrari@rcs.it";
13.04.2022;13.04.2022;De Brabantse Pijl - La Flèche Brabançonne;;BEL;WE;EUR;1.1;marc.vettori@rodesportief.be;www.debrabantsepijl.be/nl/dbp/elite-vrouwen
13.04.2022;13.04.2022;De Brabantse Pijl - La Flèche Brabançonne;;BEL;ME;EUR;1.Pro;marc.vettori@rodesportief.be;www.debrabantsepijl.be/nl/dbp/elite-mannen
13.04.2022;17.04.2022;Tour du Loir et Cher;;FRA;ME;EUR;2.2;tourduloiretcher@wanadoo.fr;www.tourduloiretcher.com
14.04.2022;17.04.2022;Belgrade Banjaluka;;BIH;ME;EUR;2.1;beogradbanjaluka@gmail.com;www.sportnewsmagazin.com
15.04.2022;15.04.2022;Classic Grand Besançon Doubs;;FRA;ME;EUR;1.1;classicgrandbesancon25@gmail.com;http://www.classicgrandbesancondoubs.com
16.04.2022;16.04.2022;Paris-Roubaix Femmes;;FRA;WE;MON;1.WWT;tgouvenou@aso.fr;www.letour.fr
16.04.2022;16.04.2022;Tour du Jura Cycliste;;FRA;ME;EUR;1.1;laurent_monrolin@yahoo.fr;http://www.tourdujura.com/accueil-1-1.htm
16.04.2022;16.04.2022;Arno Wallaard Memorial;;NED;ME;EUR;1.2;info@arnowallaardmemorial.nl;www.arnowallaardmemorial.nl
16.04.2022;16.04.2022;Liège-Bastogne-Liège;;BEL;MU;EUR;1.2U;fernandlambertrlvb@hotmail.com;www.pesantliege.be
17.04.2022;17.04.2022;Paris-Roubaix;;FRA;ME;UWT;1.UWT;tgouvenou@aso.fr;www.letour.fr
17.04.2022;17.04.2022;Grand Prix Féminin de Chambéry;;FRA;WE;EUR;1.1;patrice@ppion-consulting.com;
17.04.2022;17.04.2022;Paris - Roubaix Juniors;;FRA;MJ;EUR;1.Ncup;veloclubroubaix@nordnet.fr;asso.nordnet.fr/veloclubroubaix/
18.04.2022;18.04.2022;Ronde de Mouscron;;BEL;WE;EUR;1.1;jeanlucvdb@skynet.be;
18.04.2022;18.04.2022;Giro del Belvedere;;ITA;MU;EUR;1.2U;teams@probelvedere.it;www.girodelbelvedere.it
18.04.2022;22.04.2022;Tour of the Alps;;ITA;ME;EUR;2.Pro;officetourofthealps@gmail.com;www.tourofthealps.eu
19.04.2022;19.04.2022;G.P. Palio del Recioto - Trofeo C&F Resinatura Blocchi;;ITA;MU;EUR;1.2U;teams@paliodelrecioto.com;www.paliodelrecioto.com
20.04.2022;20.04.2022;La Flèche Wallonne Féminine;;BEL;WE;MON;1.WWT;fernandlambertrlvb@hotmail.com;http://www.letour.fr/la-fleche-wallonne-femme/
20.04.2022;20.04.2022;La Flèche Wallonne;;BEL;ME;UWT;1.UWT;tgouvenou@aso.fr;www.letour.fr
22.04.2022;24.04.2022;EPZ Omloop van Borsele;;NED;WJ;EUR;2.Ncup;omloopvanborsele@kpnmail.nl;www.wielercomite-sheerenhoek.nl
22.04.2022;24.04.2022;National Road Championships - New Zealand (Juniors);;NZL;;OCE;CN;events@cyclingnewzealand.nz;www.roadnationals.nz/
23.04.2022;23.04.2022;EPZ Omloop van Borsele;;NED;WE;EUR;1.1;omloopvanborsele@kpnmail.nl;www.epzomloopvanborsele.nl
23.04.2022;24.04.2022;XXVIII. GIPUZKOA KLASIKOA;;ESP;MJ;EUR;2.1;gtxe@gtxe.eus;www.gtxe.eus
24.04.2022;24.04.2022;EPZ Omloop van Borsele;;NED;MJ;EUR;1.1;omloopvanborsele@kpnmail.nl;www.wielercomite-sheerenhoek.nl
24.04.2022;24.04.2022;Rutland-Melton CiCLE Classic;;GBR;ME;EUR;1.2;cicleclassics@gmail.com;www.cicleclassic.co.uk
24.04.2022;24.04.2022;Klasika Primavera de Amorebieta;;ESP;ME;EUR;1.1;klasika@scamorebieta.com;www.scamorebieta.com
24.04.2022;24.04.2022;Liège-Bastogne-Liège;;BEL;ME;UWT;1.UWT;tgouvenou@aso.fr;www.letour.fr
24.04.2022;24.04.2022;Liège-Bastogne-Liège Femmes;;BEL;WE;MON;1.WWT;fernandlambertrlvb@hotmail.com;http://www.liege-bastogne-liege-femmes.com/
25.04.2022;25.04.2022;Gran Premio della Liberazione;;ITA;MU;EUR;1.2U;teams@gpliberazione.it;www.gpliberazione.it
25.04.2022;25.04.2022;GRAN PREMIO DELLA LIBERAZIONE;;ITA;WE;EUR;1.2;teams@gpliberazione.it;www.gpliberazione.it
25.04.2022;01.05.2022;Le Tour de Bretagne Cycliste;;FRA;ME;EUR;2.2;cfossani@tourdebretagne.bzh;www.tourdebretagne.fr
26.04.2022;29.04.2022;EUREGIO Bodensee Rundfahrt;;AUT;ME;EUR;2.2;organisation@proevent-cycling.at;in work progress www.euregio-bodenseetour.at
26.04.2022;01.05.2022;Tour de Romandie;;SUI;ME;UWT;2.UWT;info@tourderomandie.ch;www.tourderomandie.ch
27.04.2022;30.04.2022;International Tour of Hellas;;GRE;ME;EUR;2.1;cycling.tour.of.hellas@gmail.com;hellenic-cycling
27.04.2022;01.05.2022;Tour of the Gila;;USA;ME;AME;2.2;brennan5231@comcast.net;www.tourofthegila.com
27.04.2022;01.05.2022;Tour of the Gila;;USA;WE;AME;2.2;brennan5231@comcast.net;www.tourofthegila.com
28.04.2022;01.05.2022;La Coupe du President de la Ville de Grudziądz;;POL;MJ;EUR;2.1;biuro@alksstal.org;
28.04.2022;01.05.2022;Gracia;;CZE;WE;EUR;2.2;gracia.orlova@centrum.cz;www.graciaorlova.cz
29.04.2022;29.04.2022;Grand Prix Nasielsk-Serock;;POL;ME;EUR;1.2;wyscigi2022@gmail.com;
29.04.2022;01.05.2022;Vuelta Asturias Julio Alvarez Mendo;;ESP;ME;EUR;2.1;asturias@lavueltaasturias.com;www.lavueltaasturias.com
29.04.2022;01.05.2022;Ceratizit Festival Elsy Jacobs;;LUX;WE;EUR;2.Pro;info@elsy-jacobs.lu;www.elsy-jacobs.lu
29.04.2022;01.05.2022;Vuelta Ciclista Andalucia Ruta Del Sol;;ESP;WE;EUR;2.1;joaquin@deporinter.es;www.vueltaandaluciawomen.es
29.04.2022;03.05.2022;Carpathian Couriers Race in memory of Wacław Felczak;;POL;MU;EUR;2.2U;office@carpathianrace.eu;www.carpathianrace.eu
30.04.2022;30.04.2022;PWZ Zuidenveld Tour;;NED;ME;EUR;1.2;info@zuidenveldtour.nl;www.zuidenveldtour.nl
30.04.2022;30.04.2022;Grand Prix Wyszków;;POL;ME;EUR;1.2;wyscigi2022@gmail.com;
30.04.2022;30.04.2022;Leiedal Koerse;;BEL;WE;EUR;1.2;info@leiedalkoerse.be;https://www.facebook.com/leiedalkoerse/
30.04.2022;30.04.2022;E3 Saxo Bank Classic;;BEL;MJ;EUR;1.1;info@e3saxobankclassic.be;www.e3saxobankclassic.be
01.05.2022;01.05.2022;National Road Championships - Belgium (ITT);;BEL;;EUR;CN;info@Belgiancycling.be;www.belgiancycling.be
01.05.2022;01.05.2022;Eschborn-Frankfurt;;GER;MU;EUR;1.2U;u23@eschborn-frankfurt.de;https://www.eschborn-frankfurt.de/en/home/youthraces/u23-race
01.05.2022;01.05.2022;Memoriał Andrzeja Trochanowskiego;;POL;ME;EUR;1.2;mazoviateam@interia.pl;
01.05.2022;01.05.2022;Grand Prix West Bohemia;;CZE;MJ;EUR;1.1;info@rkca.cz;
01.05.2022;01.05.2022;Circuito del Porto - Trofeo Arvedi;;ITA;ME;EUR;1.2;ccc1891@cccremonese1891.com;www.cccremonese1891.com
01.05.2022;01.05.2022;Eschborn-Frankfurt;;GER;ME;UWT;1.UWT;office@gfr-cycling.de;www.eschborn-frankfurt.de/en/home/
02.05.2022;08.05.2022;Tour du Bénin;;BEN;;AFR;2.2;federation229cyclisme@gmail.com;www.fedebenincyclisme.bj
03.05.2022;07.05.2022;Bretagne Ladies Tour CERATIZIT;;FRA;WE;EUR;2.1;team@tbf.bzh;www.tbf.bzh
03.05.2022;08.05.2022;4 Jours de Dunkerque / Grand Prix des Hauts de France;;FRA;ME;EUR;2.Pro;"quatrejoursdk@orange.fr; bmartel59@orange.fr";www.4joursdedunkerque.org
04.05.2022;08.05.2022;National Road Championships - Cyprus;;CYP;;EUR;CN;ccf@cytanet.com.cy;www.cypruscycling.org
05.05.2022;08.05.2022;Course de la Paix Juniors;;CZE;MJ;EUR;2.Ncup;svata.henke@seznam.cz;
06.05.2022;08.05.2022;CCC Tour - Grody Piastowskie;;POL;ME;EUR;2.2;contact@grody.com.pl;www.grody.com.pl
06.05.2022;29.05.2022;Giro d'Italia;;ITA;ME;UWT;2.UWT;stefano.allocchio@rcs.it;www.giroditalia.it
07.05.2022;07.05.2022;Sundvolden GP;;NOR;ME;EUR;1.2;ael@basm.no;www.rgp.no
07.05.2022;07.05.2022;Ronde van Overijssel;;NED;ME;EUR;2.2;secretaris@rondevanoverijssel.nl;www.rondevanoverijssel.nl
07.05.2022;07.05.2022;GP Eco-Struct;;BEL;WE;EUR;1.1;info@dewielkeszuigers.be;www.dewielkeszuigers.be
07.05.2022;08.05.2022;Tour du Gévaudan Occitanie femmes;;FRA;WJ;EUR;2.Ncup;tourdugevaudan@gmail.com;
08.05.2022;08.05.2022;Flèche Ardennaise;;BEL;ME;EUR;1.2;r_col@hotmail.com;www.fleche-ardennaise.be
08.05.2022;08.05.2022;Gran Premio Ciudad de Eibar;;ESP;WE;EUR;1.1;clubciclistaeibarres@gmail.com;www.clubciclistaeibarres.org
08.05.2022;08.05.2022;Grand Prix Bob Jungels;;LUX;MJ;EUR;1.1;anneliese.jentgen@ucdippach.lu;www.ucdippach.lu/grand-prix-bob-jungels
08.05.2022;08.05.2022;Ringerike GP;;NOR;ME;EUR;1.2;ael@basm.no;www.rgp.no
08.05.2022;08.05.2022;Gran Premio Industrie del Marmo;;ITA;MU;EUR;1.2U;ciclobruno@hotmail.com;http://gpm1mc.wordpress.com/
10.05.2022;10.05.2022;Emakumeen Nafarroako Women's Elite Classics;;ESP;WE;EUR;1.1;miguel@vueltanavarra.com;vueltanavarra.com
11.05.2022;13.05.2022;Touf of Zhoushan Island (Shengsi Stage);;CHN;WE;ASI;2.2;"admin@chncycling.com; admin@qiujijin.com";
11.05.2022;15.05.2022;Tour de Hongrie;;HUN;ME;EUR;2.1;info@tdh.hu;www.tdh.hu
12.05.2022;15.05.2022;Tour de Lviv Region;;UKR;ME;EUR;2.2;romanseliverstov06@gmail.com;https://sport.loda.gov.ua/
13.05.2022;13.05.2022;La Classique Morbihan;;FRA;WE;EUR;1.1;contact@gpmo.bzh;www.gpmo.bzh
13.05.2022;15.05.2022;Itzulia Women;;ESP;WE;MON;2.WWT;admon@oceta.eus;
14.05.2022;14.05.2022;Grand Prix du Morbihan Femmes;;FRA;WE;EUR;1.1;contact@gpmo.bzh;www.gpmo.bzh
14.05.2022;14.05.2022;Grand Prix du Morbihan;;FRA;ME;EUR;1.Pro;jerome.lappartient@wanadoo.fr;www.grand-prix-plumelec.com
14.05.2022;14.05.2022;ZLM Omloop der Kempen Ladies;;NED;WE;EUR;1.2;cedric@omloopderkempen.nl;www.omloopderkempen.nl
14.05.2022;15.05.2022;Tour de Gironde International;;FRA;MJ;EUR;2.1;usv-c@orange.fr;tgironde.com
14.05.2022;15.05.2022;National Road Championships - St. Vincent & the Grenadines;;VIN;;AME;CN;shimanob30@gmail.com;
15.05.2022;15.05.2022;International Criterium in Sakai;Sakai City, Osaka;JPN;ME;ASI;CRTP;info@toj-sakai.co.jp;https://www.toj-sakai.co.jp/
15.05.2022;15.05.2022;Paris-Roubaix Espoirs;;FRA;MU;EUR;1.2U;veloclubroubaix@orange.fr;www.veloclubroubaix.fr
15.05.2022;15.05.2022;Tro-Bro Léon;;FRA;ME;EUR;1.Pro;jeanpaul.mellouet@orange.fr;www.trobroleon.com
15.05.2022;15.05.2022;G.P. Sportivi Sovilla - La Piccola Sanremo;;ITA;MJ;EUR;1.1;sportivisovilla@libero.it;
15.05.2022;22.05.2022;Tour of Japan;;JPN;ME;ASI;2.1;toj.team@gmail.com;www.toj.co.jp/
16.05.2022;22.05.2022;TOUR DU MALI;;MLI;ME;AFR;2.2;fedecyclisme@gmail.com;
17.05.2022;17.05.2022;Durango - Durango Emakumeen Saria;;ESP;WE;MON;1.1;"info@duranguesa.com ; durangodurango@duranguesa.com";www.duranguesa.com
18.05.2022;21.05.2022;Le Tour des Dames;;FRA;WE;EUR;2.2;contact@letourdesdames.fr;www.letourdesdames.fr
19.05.2022;22.05.2022;Joe Martin Stage Race;;USA;ME;AME;2.2;bruce@allsportsproductionsinc.com;www.joemartinstagerace.com
19.05.2022;22.05.2022;Joe Martin Stage Race;;USA;WE;AME;2.2;bruce@allsportsproductionsinc.com;www.joemartinstagerace.com
19.05.2022;22.05.2022;Vuelta a Burgos Feminas;;ESP;WE;MON;2.WWT;vueltaburgos@diputaciondeburgos.es;www.vueltaburgos.com/feminas
19.05.2022;22.05.2022;Tour of Limpopo;;RSA;ME;AFR;2.2;info@cyclingsa.com;www.cyclingsa.com
20.05.2022;20.05.2022;Veenendaal - Veenendaal Classic;;NED;WE;EUR;1.1;hannekebouwmans@gmail.com;www.veenendaalveenendaal.nl
20.05.2022;22.05.2022;SPIE Internationale Juniorendriedaagse;;NED;MJ;EUR;2.1;info@juniorendriedaagse.nl;www.juniorendriedaagse.nl
20.05.2022;22.05.2022;Sri Lanka T-Cup;;SRI;ME;ASI;2.2;LSRevents@sltnet.lk;http://tcup.LSRtravel.com/
21.05.2022;21.05.2022;Grand Prix Herning;;DEN;ME;EUR;1.2;bekfh@herning.dk;www.gpherning.dk
21.05.2022;21.05.2022;Veenendaal-Veenendaal Classic;;NED;ME;EUR;1.1;hannekebouwmans@gmail.com;www.veenendaalveenendaal.nl
21.05.2022;21.05.2022;Grand Prix Kayseri Ladys;;TUR;WE;EUR;1.2;info@bisiklet.gov.tr;www.bisiklet.gov.tr
21.05.2022;21.05.2022;Tour du Finistère;;FRA;ME;EUR;1.1;jpwtdf@orange.fr;www.tourdufinistere.fr
21.05.2022;22.05.2022;Trophée Centre Morbihan;;FRA;MJ;EUR;2.Ncup;tropheecentremorbihan@orange.fr;www.tropheecentremorbihan.fr
22.05.2022;22.05.2022;Rund um Köln;;GER;ME;EUR;1.1;info@rundumkoeln.de;www.rundumkoeln.de
22.05.2022;22.05.2022;Fyn Rundt - Tour of Funen;;DEN;ME;EUR;1.2;clausr@stofanet.dk;FYENRUNDT.COM
22.05.2022;22.05.2022;Boucles de l'Aulne - Châteaulin;;FRA;ME;EUR;1.1;alain.legouill@yahoo.fr;www.bouclesdelaulne.com
22.05.2022;22.05.2022;Grand Prix Kayseri;;TUR;ME;EUR;1.2;info@bisiklet.gov.tr;www.bisiklet.gov.tr
22.05.2022;22.05.2022;GP Gorenjska;;SLO;ME;EUR;1.2;kzs@kolesarska-zveza.si;
24.05.2022;29.05.2022;Tour of Norway;;NOR;ME;EUR;2.Pro;roy@tourofnorway.no;www.tourofnorway.no
24.05.2022;29.05.2022;Internationale LOTTO Thüringen Ladies Tour;;GER;WE;EUR;2.Pro;info@lottothueringen-ladies-tour.de;www.lottothueringen-ladies-tour.de
25.05.2022;29.05.2022;Flèche du Sud;;LUX;ME;EUR;2.2;vuesch@pt.lu;www.fleche-du-sud.lu
25.05.2022;29.05.2022;Alpes Isère Tour;;FRA;ME;EUR;2.2;m.baup@portix.net;alpesiseretour.com
26.05.2022;26.05.2022;Circuit de Wallonie;;BEL;ME;EUR;1.1;francesco.lapaglia66@gmail.com;www.lecircuitdewallonie.be
26.05.2022;28.05.2022;Tour of Estonia;;EST;ME;EUR;2.1;tartumaraton@tartumaraton.ee;www.tourofestonia.ee
26.05.2022;29.05.2022;Tour de la Mirabelle;;FRA;ME;EUR;2.2;lgoglione@yahoo.com;www.tour-de-la-mirabelle.com
26.05.2022;29.05.2022;Boucles de la Mayenne;;FRA;ME;EUR;2.Pro;jo.leriget53@gmail.com;www.bouclesdelamayenne.fr
26.05.2022;29.05.2022;Tour du Pays de Vaud;;SUI;MJ;EUR;2.Ncup;"course@tpv.ch; direction@tpv.ch";www.tpv.ch
27.05.2022;27.05.2022;National Road Championships - Serbia (WU-MU);;SRB;;EUR;CN;office@bss.rs;www.bss.rs
27.05.2022;29.05.2022;National Road Championships - Philippines;;PHI;;ASI;CN;Philcycling@gmail.com/Junlomib@yahoo.com;
27.05.2022;29.05.2022;Tour de Kumano;;JPN;ME;ASI;2.2;tourde-k@rifnet.or.jp;www.nspk.net/
27.05.2022;29.05.2022;RideLondon Classique;;GBR;WE;MON;2.WWT;womens.classique@londonmarathonevents.co.uk;www.ridelondon.co.uk
28.05.2022;28.05.2022;Grand Prix Erciyes Ladys;;TUR;WE;EUR;1.2;info@bisiklet.gov.tr;www.bisiklet.gov.tr
28.05.2022;28.05.2022;Ladies Tour of Estonia;;EST;WE;EUR;1.2;tartumaraton@tartumaraton.ee;www.tourofestonia.ee
28.05.2022;28.05.2022;Kyiv Cup;;UKR;ME;EUR;1.2;federation@velosport.org.ua;
28.05.2022;28.05.2022;Kyiv Cup;;UKR;WE;EUR;1.2;federation@velosport.org.ua;
28.05.2022;29.05.2022;Orlen Nations Grand Prix;;POL;MU;EUR;2.Ncup;AGATA.LANG@LANGTEAM.COM.PL;www.orlennationsgrandprix.com
29.05.2022;29.05.2022;Kyiv Green Race;;UKR;ME;EUR;1.2;federation@velosport.org.ua;
29.05.2022;29.05.2022;Kyiv Green Race;;UKR;WE;EUR;1.2;federation@velosport.org.ua;
29.05.2022;29.05.2022;Grand Prix Erciyes;;TUR;ME;EUR;1.2;info@bisiklet.gov.tr;www.bisiklet.gov.tr
29.05.2022;29.05.2022;Coppa della Pace - Trofeo F.lli Anelli;;ITA;MU;EUR;1.2U;pedaleriminese@libero.it;www.pedaleriminese.it
29.05.2022;29.05.2022;Marcel Kint Classic;;BEL;ME;EUR;1.1;dannybonte@telenet.be;www.gpmarcelkint.be
29.05.2022;29.05.2022;National Road Championships - Belgium (IRR);;BEL;;EUR;CN;info@belgiancycling.be;www.belgiancycling.be
30.05.2022;30.05.2022;CYCLING STARS CRITERIUM BELLUNO;;ITA;ME;EUR;CRTP;ORANGE.CARMIGNANO@GMAIL.COM;
30.05.2022;30.05.2022;Kyiv Speed - Challenge;;UKR;ME;EUR;1.2;federation@velosport.org.ua;
31.05.2022;31.05.2022;Mercan'Tour Classic Alpes-Maritimes;;FRA;ME;EUR;1.1;clubalpesazur@gmail.com;https://mercantourclassic.com/
31.05.2022;31.05.2022;CYCLING STARS CRITERIUM VALDOBBIADENE;;ITA;ME;EUR;CRTP;ORANGE.CARMIGNANO@GMAIL.COM;
02.06.2022;02.06.2022;TrofeoAlcide Degasperi;;ITA;ME;EUR;1.2;usauroratrento@gmail.com;www.usaurora.altervista.org
02.06.2022;02.06.2022;Giro dell'Appennino;;ITA;ME;EUR;1.1;segreteria@uspontedecimo.it;www.uspontedecimo.it
02.06.2022;02.06.2022;Chrono Féminin de la Gatineau;;CAN;WE;AME;1.1;tourdegatineau@gmail.com;www.cyclingcanada.ca
02.06.2022;05.06.2022;Ronde de l'Oise;;FRA;ME;EUR;2.2;michel_birck@live.fr;www.ronde-de-oise.fr
02.06.2022;05.06.2022;Course de la Paix Grand Prix Jeseníky;;CZE;MU;EUR;2.Ncup;organizator@sazkatour.cz;www.zavodmiruu23.cz
03.06.2022;03.06.2022;Tour de Gatineau;;CAN;WE;AME;1.1;tourdegatineau@gmail.com;www.cyclingcanada.ca
03.06.2022;03.06.2022;RSM Wealer Ronde;;NED;WE;EUR;CRTP;secr@profrondemaastricht.nl;www.rsmwealerronde.nl
03.06.2022;03.06.2022;RSM Wealer Ronde;;NED;ME;EUR;CRTP;secr@profrondemaastricht.nl;www.rsmwealerronde.nl
03.06.2022;05.06.2022;Tour of Malopolska;;POL;ME;EUR;2.2;marek.kosicki@mzkol.pl;WWW.TOUROFMALOPOLSKA.EU
03.06.2022;12.06.2022;Vuelta a Colombia;;COL;ME;AME;2.2;PRESIDENCIA@FEDERACIONCOLOMBIANADECICLISMO.COM;WWW.FEDERACIONCOLOMBIANADECICLISMO.COM
04.06.2022;04.06.2022;Heylen Vastgoed Heistse Pijl;;BEL;ME;EUR;1.1;jef@isea.be;www.Heistsepijl.be
04.06.2022;04.06.2022;La Classique des Alpes Juniors;;FRA;MJ;EUR;1.1;christelle.reille@orange.fr;www.classique-des-alpes.fr
04.06.2022;04.06.2022;Salverda Omloop van de IJsseldelta;;NED;WE;EUR;1.2;janvanommen@planet.nl;www.omloopvandeijsseldelta.nl
04.06.2022;04.06.2022;Grand Prix Velo Erciyes Ladys;;TUR;WE;EUR;1.2;info@bisiklet.gov.tr;www.bisiklet.gov.tr
04.06.2022;04.06.2022;Strade Bianche di Romagna;;ITA;MU;EUR;1.2;info@extragiro.it;
04.06.2022;05.06.2022;Belgrade GP Woman Tour;;SRB;WE;EUR;2.2;cyclingfederationbelgrade@gmail.com;www.bsbgd.rs
05.06.2022;05.06.2022;Trofeo Città di Meldola – G.P. AWC Event;;ITA;MU;EUR;1.2;info@extragiro.it;
05.06.2022;05.06.2022;Trofeo Città di Meldola - Gran Premio AWC Event;;ITA;WE;EUR;1.2;info@extragiro.it;
05.06.2022;05.06.2022;Memorial Philippe Van Coningsloo;;BEL;ME;EUR;1.2;wuytskris@telenet.be;www.memorial-vanconingsloo.be
05.06.2022;05.06.2022;Dwars door de Westhoek;;BEL;WE;EUR;1.1;wvancauwenberge@hotmail.com;www.dwarsdoordewesthoek.be
05.06.2022;05.06.2022;Grand Prix Velo Erciyes;;TUR;ME;EUR;1.2;info@bisiklet.gov.tr;www.bisiklet.gov.tr
05.06.2022;05.06.2022;Gran Premio dell'Arno;;ITA;MJ;EUR;1.1;sccarnaghese@libero.it;www.sccarnaghese.com
05.06.2022;05.06.2022;Brussels Cycling Classic;;BEL;ME;EUR;1.Pro;wim.vanherreweghe@flandersclassics.be;www.brusselscyclingclassic.be
05.06.2022;05.06.2022;Alpes Gresivaudan Classic;;FRA;WE;EUR;1.2;m.baup@portix.net;en cours de construction
05.06.2022;12.06.2022;Critérium du Dauphiné;;FRA;ME;UWT;2.UWT;tgouvenou@aso.fr;www.letour.fr
06.06.2022;06.06.2022;Ronde van Limburg;;BEL;ME;EUR;1.1;"nicolas.denys@flandersclassics.be; maja.leye@flandersclassics.be";www.rondevanlimburg.be
06.06.2022;06.06.2022;Paris - Troyes;;FRA;ME;EUR;1.2;f_morizot@hotmail.fr;
06.06.2022;06.06.2022;GP MAZDA SCHELKENS;;BEL;WE;EUR;1.2;peter.van.hoof@telenet.be;
06.06.2022;11.06.2022;Women's Tour;;GBR;WE;MON;2.WWT;bennettm@thetour.co.uk;www.womenstour.co.uk
07.06.2022;12.06.2022;Le Tour de Femina Malaysia;;MAS;WE;ASI;2.2;deen@ciclista.cc;
08.06.2022;12.06.2022;Five Rings of Moscow;;RUS;ME;EUR;2.2;cycling@fvsr.ru;www.fvsr,ru
08.06.2022;12.06.2022;Vuelta Internacional Femenina a Guatemala;20 Vuelta Internacional Femenina a Guatemala;GUA;WE;AME;2.2;fciclismo.guatemala@gmail.com;fedeciclismogua.org
08.06.2022;12.06.2022;ZLM Tour;;NED;ME;EUR;2.Pro;profcycling@libema.nl;www.zlmtour.nl
09.06.2022;12.06.2022;LVM Saarland Trofeo;;GER;MJ;EUR;2.Ncup;info@trofeo.online;www.trofeo.online
09.06.2022;12.06.2022;Oberösterreich Rundfahrt;;AUT;ME;EUR;2.2;office@ooe-radsportverband.at;www.ooe-radsportverband.at
09.06.2022;18.06.2022;Giro d'Italia Giovani Under 23;;ITA;MU;EUR;2.2U;INFO@EXTRAGIRO.IT;
10.06.2022;10.06.2022;Grosser Preis des Kantons Aargau;;SUI;ME;EUR;1.1;office@gippingen.ch;www.gippingen.ch
10.06.2022;12.06.2022;National Road Championships - Costa Rica (Juniors);;CRC;;AME;CN;fecoci@fecoci.net;
10.06.2022;12.06.2022;Tour d'Eure-et-Loir;;FRA;ME;EUR;2.2;cmontac@aol.com;www.tour-eure-et-loir-cycliste.com
11.06.2022;11.06.2022;Dwars door het Hageland;;BEL;ME;EUR;1.Pro;nick@procyclingevents.be;http://www.bingoalcyclingcup.be/races/dwars-door-het-hageland-2019/
12.06.2022;12.06.2022;Elfstedenronde Brugge;;BEL;ME;EUR;1.1;"christophe.impens@golazo.com; jan.nys@golazo.com";www.elfstedenronde.be
12.06.2022;12.06.2022;SPAR Flanders Diamond Tour;;BEL;WE;EUR;1.1;info@flandersdiamondtour.be;www.flandersdiamondtour.be
12.06.2022;19.06.2022;Tour de Suisse;;SUI;ME;UWT;2.UWT;info@tds.ch;www.tds.ch
14.06.2022;14.06.2022;Mont Ventoux Dénivelé Challenge;;FRA;ME;EUR;1.1;info@denivelechallenges.com;
14.06.2022;14.06.2022;MONT VENTOUX DENIVELE CHALLENGES;;FRA;WE;EUR;1.2;info@denivelechallenges.com;www.denivelechallenges.com
15.06.2022;19.06.2022;Tour de Beauce;;CAN;ME;AME;2.2;info@tourdebeauce.com;www.tourdebeauce.com
15.06.2022;19.06.2022;Baloise Belgium Tour;;BEL;ME;EUR;2.Pro;"christophe.impens@golazo.com; jan.nys@golazo.com";www.baloisebelgiumtour.be
15.06.2022;19.06.2022;Tour of Slovenia;;SLO;ME;EUR;2.Pro;office@tourofslovenia.si;www.tourofslovenia.si
16.06.2022;19.06.2022;Tour de Serbie;;SRB;ME;EUR;2.2;office@bss.rs;www.bss.rs
16.06.2022;19.06.2022;La Route d'Occitanie - La Dépêche du Midi;;FRA;ME;EUR;2.1;pcaubin@laroutedoccitanie.fr;http://www.laroutedoccitanie.fr
16.06.2022;19.06.2022;National Road Championships - Costa Rica;;CRC;;AME;CN;fecoci@fecoci.net;www.fecoci.net
17.06.2022;19.06.2022;National Road Championships - Panama;;PAN;;AME;CN;info@fepaci.com.pa;https://fepaci.com.pa/
17.06.2022;19.06.2022;Tour du Pays de Montbéliard;;FRA;ME;EUR;2.2;ccetupes@ccetupes.net;www.ccetupes.com
18.06.2022;18.06.2022;Grand Prix Płock;;POL;ME;EUR;1.2;wyscigi2022@gmail.com;
18.06.2022;18.06.2022;Gran Premio Eccellenze Valli del Soligo (Cronosquadre);;ITA;MJ;EUR;1.1;scsolighetto1919@alice.it;www.scsolighetto1919.it
18.06.2022;19.06.2022;National Road Championships - Denmark (MU23);;DEN;;EUR;CN;jens.kasler@cyklingdanmark.dk;
18.06.2022;21.06.2022;Tour de Suisse Women;;SUI;WE;EUR;2.Pro;info@tourdesuisse.ch;www.tourdesuisse.ch
18.06.2022;25.06.2022;National Road Championships - Israel;;ISR;;EUR;CN;contact@israelcycling.org.il;www.israelcycling.org.il
18.06.2022;26.06.2022;National Road Championships - Estonia;;EST;;EUR;CN;ejl@ejl.ee;www.ejl.ee
18.06.2022;26.06.2022;National Road Championships - Latvia;;LAT;;EUR;CN;federacija@lrf.lv;www.lrf.lv
19.06.2022;19.06.2022;Midden-Brabant Poort Omloop;;NED;ME;EUR;1.2;info@wielerweekendgilze.nl;www.wielerweekendgilze.nl
19.06.2022;19.06.2022;TF GD Dorigo MO Biemmereti MO Ettore e Cristiano Floriani MO Emilio Mazzero;;ITA;MJ;EUR;1.1;scsolighetto1919@alice.it;www.scsolighetto1919.it
19.06.2022;19.06.2022;Grand Prix Płońsk;;POL;ME;EUR;1.2;wyscigi2022@gmail.com;
19.06.2022;26.06.2022;National Road Championships - Norway;;NOR;;EUR;CN;cato.karbol@sykling.no;sykling.no
19.06.2022;26.06.2022;National Road Championships - El Salvador;;ESA;;AME;CN;fsdeciclismo@gmail.com;www.fsc.org.sv
19.06.2022;26.06.2022;National Road Championships - Lebanon;;LBN;;ASI;CN;felicyc@gmail.com;
20.06.2022;26.06.2022;National Road Championships - Lithuania;;LTU;;EUR;CN;info@ldsf.lt;www.ldsf.lt
21.06.2022;26.06.2022;National Road Championships - Spain;;ESP;;EUR;CN;alejandromartin@rfec.com;www.rfec.com
21.06.2022;26.06.2022;National Road Championships - Ukraine;;UKR;;EUR;CN;federation@velosport.org.ua;
21.06.2022;27.06.2022;National Road Championships - Iran;;IRI;;ASI;CN;ircyclingfed@gmail.com;www.cfi.ir
22.06.2022;22.06.2022;Halle-Ingooigem;;BEL;ME;EUR;1.1;info@halle-ingooigem.be;www.halle-ingooigem.be
22.06.2022;25.06.2022;National Road Championships - Azerbaijan;;AZE;;EUR;CN;info@avif.az, f.aliyev@avif.az;
22.06.2022;26.06.2022;National Road Championships - Kazakhstan;;KAZ;;ASI;CN;kazcycling@mail.ru;
22.06.2022;26.06.2022;National Road Championships - Japan;;JPN;;ASI;CN;cycling@japan-sports.or.jp;https://jcf.or.jp/
22.06.2022;26.06.2022;National Road Championships - Hungary;;HUN;;EUR;CN;vizer.barnabas@bringasport.hu;info@bringasport.hu
22.06.2022;26.06.2022;National Road Championships - Italy;;ITA;;EUR;CN;strada@federciclismo.it;
23.06.2022;25.06.2022;National Road Championships - Iceland;;ISL;;EUR;CN;stjorn@hri.is;
23.06.2022;26.06.2022;National Road Championships - Great Britain;;GBR;;EUR;CN;road@britishcycling.org.uk;www.britishcycling.org.uk
23.06.2022;26.06.2022;National Road Championships - France;;FRA;;EUR;CN;j.pitavy@ffc.fr;
23.06.2022;26.06.2022;National Road Championships - Belgium;;BEL;;EUR;CN;info@belgiancycling.be;www.belgiancycling.be
23.06.2022;26.06.2022;National Road Championships - Czech Republic;;CZE;;EUR;CN;info@ceskysvazcyklistiky.cz;www.ceskysvazcyklistiky.cz
23.06.2022;26.06.2022;National Road Championships - Slovakia;;SVK;;EUR;CN;info@ceskysvazcyklistiky.cz;www.ceskysvazcyklistiky.cz
23.06.2022;26.06.2022;National Road Championships - Belarus;;BLR;;EUR;CN;info@cyclingrcop.by;
23.06.2022;26.06.2022;National Road Championships - Canada;;CAN;;AME;CN;s.bourdeau@edmontontriathlon.org;www.cyclingcanada.ca
23.06.2022;26.06.2022;National Road Championships - Ireland;;IRL;;EUR;CN;garry.nugent@cyclingireland.ie;www.cyclingireland.ie
23.06.2022;26.06.2022;National Road Championships - Denmark;;DEN;;EUR;CN;jens.kasler@cyklingdanmark.dk;
24.06.2022;26.06.2022;National Road Championships - Greece;;GRE;;EUR;CN;eopbike@otenet.gr;
24.06.2022;26.06.2022;National Road Championships - Macedonia;;MKD;;EUR;CN;secretary@cfm.org.mk , office@cfm.org.mk;www.cfm.org.mk
24.06.2022;26.06.2022;National Road Championships - Luxembourg;;LUX;;EUR;CN;safzeiss@pt.lu;www.fscl.lu / www.saf.lu
24.06.2022;26.06.2022;National Road Championships - Croatia;;CRO;;EUR;CN;alankosic1972@gmail.com;
24.06.2022;26.06.2022;National Road Championships - Germany;;GER;;EUR;CN;info@svl-sports.de;www.svl-sports.de
24.06.2022;26.06.2022;National Road Championships - Guatemala;;GUA;;AME;CN;fciclismo.guatemala@gmail.com;www. fedeciclismogua.org
24.06.2022;26.06.2022;National Road Championships - Eritrea;;ERI;;AFR;CN;ncefa1935@gmail.com;
24.06.2022;26.06.2022;National Road Championships - Austria;;AUT;;EUR;CN;office@radsportverband.at;www.radsportverband.at
24.06.2022;26.06.2022;BESTRONICS Acht van Bladel;;NED;MJ;EUR;2.1;info@achtvanbladel.nl;www.achtvanbladel.nl
24.06.2022;26.06.2022;National Road Championships - Kosovo;;KOS;;EUR;CN;kosovacf@yhaoo.com;www.kosovacycling.org
24.06.2022;26.06.2022;National Road Championships - Thailand;;ERI;;ASI;CN;taca1959@yahoo.com;https://www.thaicycling.or.th
25.06.2022;25.06.2022;National Road Championships - Mali;;MLI;;AFR;CN;fedecyclisme@gmail.com;
25.06.2022;26.06.2022;National Road Championships - Grenada;;GRN;;AME;CN;grenadacyclingfederation@gmail.com;
25.06.2022;26.06.2022;National Road Championships - Puerto Rico;;PUR;;AME;CN;ismfuente@yahoo.com / fecipur@gmail.com;www.fecipur.org
25.06.2022;26.06.2022;National Road Championships - Antigua and Barbuda;;ANT;;AME;CN;abcf@antiguacycling.com;
25.06.2022;26.06.2022;National Road Championships - Aruba;;ARU;;AME;CN;arubawielerbond@gmail.com;
25.06.2022;26.06.2022;National Road Championships - Barbados;;BAR;;AME;CN;cyclingbarbados@olympic.org.bb;
25.06.2022;26.06.2022;National Road Championships - British Virgin Islands;;IVB;;AME;CN;danddmark@surfbvi.com;
25.06.2022;26.06.2022;National Road Championships - St. Maarten;;SXM;;AME;CN;st.maarten cycling federation@gmail.com;
25.06.2022;26.06.2022;National Road Championships - Malaysia;;MAS;;ASI;CN;mncf@mail.com;
25.06.2022;26.06.2022;National Road Championships - Georgia;;GEO;;EUR;CN;georgiancycling@gmail.com;
25.06.2022;26.06.2022;National Road Championships - Bulgaria;;BUL;;EUR;CN;contact@bgcf.bg;www.bgcf.bg
25.06.2022;26.06.2022;National Road Championships - Trinidad and Tobago;;TTO;;AME;CN;ttcyclingfederationtto@gmail.com;www.ttcyclingfederation.org
26.06.2022;26.06.2022;National Road Championships - Serbia;;SRB;;EUR;CN;office@bss.rs;www.bss.rs
26.06.2022;26.06.2022;National Criterium Championships - Philippines;;PHI;ME;ASI;CRT;Philcycling@gmail.com/Junlomib@yahoo.com;
26.06.2022;26.06.2022;National Criterium Championships - Philippines;;PHI;WE;ASI;CRT;Philcycling@gmail.com/Junlomib@yahoo.com;
26.06.2022;26.06.2022;National Road Championships - Ivory Coast;;CIV;;AFR;CN;federationivoiriennedecyclisme09@yahoo.fr;
26.06.2022;26.06.2022;National Road Championships - Eswatini;;SWZ;;AFR;CN;motsambusi@gmail.com;
27.06.2022;27.06.2022;National Criterium Championships - Canada;Old Strathcona - Edmonton Criterium Course;CAN;ME;AME;CRT;s.bourdeau@edmontontriathlon.org;www.cyclingcanada.ca
27.06.2022;27.06.2022;National Criterium Championships - Canada;Old Strathcona - Edmonton Criterium Course;CAN;WE;AME;CRT;s.bourdeau@edmontontriathlon.org;www.cyclingcanada.ca
28.06.2022;01.07.2022;Lotto Belgium Tour;;BEL;WE;EUR;2.1;info@lottobelgiumtour.be;www.lottobelgiumtour.be
29.06.2022;02.07.2022;Course Cycliste de Solidarnosc et des Champions Olympiques;;POL;ME;EUR;2.2;wyscig@solidarnosc.lodz.pl;www.wyscig.com.pl
30.06.2022;03.07.2022;Tour de Feminin;;CZE;WE;EUR;2.2;info@tourdefeminin.com;www.tourdefeminin.com
30.06.2022;03.07.2022;GP Internacional Torres Vedras - Trofeu Joaquim Agostinho;;POR;ME;EUR;2.2;udo@udo.pt;www.udo.pt
01.07.2022;10.07.2022;Giro d'Italia Donne;;ITA;WE;MON;2.WWT;direzionegenerale@starlightssd.it;
01.07.2022;24.07.2022;Tour de France;;FRA;ME;UWT;2.UWT;tgouvenou@aso.fr;www.letour.fr
02.07.2022;02.07.2022;GP Général Patton;;LUX;MJ;EUR;1.1;info@skodatour.lu;www.skodatour.lu
02.07.2022;03.07.2022;Olympic Hopes - Belgrade Trophy Milan Panić;;SRB;MJ;EUR;2.1;bsbgd@ptt.rs;www.bsbgd.rs
02.07.2022;05.07.2022;Sibiu Cycling Tour;;ROU;ME;EUR;2.1;ciclism@sibiu.ro;https://ciclism.sibiu.ro
02.07.2022;07.07.2022;Int. Österreich-Rundfahrt - Tour of Austria;;AUT;ME;EUR;2.1;office@radsportverband.at;www.oesterreich-rundfahrt.at
03.07.2022;03.07.2022;GP Luxembourg;;LUX;MJ;EUR;1.1;info@skodatour.lu;www.skodatour.lu
03.07.2022;03.07.2022;Grote Prijs Rik Van Looy;;BEL;ME;EUR;1.2;info@gprikvanlooy.be;www.gprikvanlooy.be
03.07.2022;03.07.2022;Giro del Medio Brenta;;ITA;ME;EUR;1.2;info@studiomichielon.it;
03.07.2022;03.07.2022;National Road Championships - Luxembourg (U23);;LUX;;EUR;CN;vcdiekirch@gmail.com;www.vcdiekirch.jimdo.com
03.07.2022;03.07.2022;National Road Championships - Singapore (ITT);;SIN;;ASI;CN;admin@cycling.org.sg;
03.07.2022;03.07.2022;National Road Championships - Italy (MJ - IRR);;ITA;;EUR;CN;;
05.07.2022;05.07.2022;Trofeo Città di Brescia;;ITA;ME;EUR;1.2;iab@roda.it;www.gscittadibrescia.it
07.07.2022;10.07.2022;Sint Martinusprijs Kontich;;BEL;MJ;EUR;2.1;steeds.vooraan@telenet.be;www.steeds-vooraan.be
07.07.2022;10.07.2022;UEC Road Juniors & U23 European Championships;;POR;;EUR;CC;e.dellacasa@uec.ch;www.uec.ch
08.07.2022;08.07.2022;Chrono Kristin Armstrong;;USA;MJ;AME;1.1;mike.cooley1958@gmail.com;www.chronokristinarmstrong.com
08.07.2022;08.07.2022;Chrono Kristin Armstrong;;USA;WJ;AME;1.1;mike.cooley1958@gmail.com;www.chronokristinarmstrong.com
08.07.2022;08.07.2022;Chrono Kristin Armstrong;;USA;ME;AME;1.2;mike.cooley1958@gmail.com;www.chronokristinarmstrong.com
08.07.2022;08.07.2022;Chrono Kristin Armstrong;;USA;WE;AME;1.2;mike.cooley1958@gmail.com;www.chronokristinarmstrong.com
09.07.2022;09.07.2022;Visegrad 4 Bicycle Race - GP Czech Republic;;CZE;ME;EUR;1.2;info@ceskysvazcyklistiky.cz;www.ceskysvazcyklistiky.cz
10.07.2022;10.07.2022;Districtenpijl - Ekeren-Deurne;;BEL;WE;EUR;1.1;info@rabc1882.be;https://www.2districtenpijl-ekeren-deurne.be/
10.07.2022;10.07.2022;Menen Kemmel Menen;;BEL;MJ;EUR;1.1;kwscmenen8930@gmail.com;www.kwsc-menen.be
10.07.2022;10.07.2022;Districtenpijl - Ekeren-Deurne;;BEL;ME;EUR;1.2;info@rabc1882.be;https://www.2districtenpijl-ekeren-deurne.be/
10.07.2022;10.07.2022;Delta Road Race;;CAN;ME;AME;1.2;contact@tourdedelta.com;www.tourdedelta.com
10.07.2022;10.07.2022;Visegrad 4 Bicycle Race Grand Prix Poland;;POL;ME;EUR;1.2;dzkol@dzkol.eu;
10.07.2022;10.07.2022;Grand Prix International de la ville de Nogent-sur-Oise;;FRA;ME;EUR;1.2;ccnogentsuroise60@orange.fr;http://ccnogentsuroise.over-blog.fr
10.07.2022;17.07.2022;Tour of Qinghai Lake;;CHN;ME;ASI;2.Pro;tdql_2015@sina.cn;www.tdql.cn
12.07.2022;17.07.2022;Tour de l'Abitibi;;CAN;MJ;AME;2.Ncup;direction@tourabitibi.qc.ca;www.tourabitibi.com
12.07.2022;17.07.2022;Giro Ciclistico della Valle d'Aosta - Mont Blanc;;ITA;MU;EUR;2.2U;segreteria@girovalledaosta.it;www.girovalledaosta.it
13.07.2022;13.07.2022;Global Relay Gastown Grand Prix;Gastown, Vancouver, British Columbia, Canada;CAN;WE;AME;CRT;info@globalrelayggp.org;https://www.globalrelayggp.org/
13.07.2022;13.07.2022;Global Relay Gastown Grand Prix;Gastown, Vancouver, British Columbia, Canada;CAN;ME;AME;CRT;info@globalrelayggp.org;https://www.globalrelayggp.org/
13.07.2022;17.07.2022;Settimana Ciclistica Italiana;;ITA;ME;EUR;2.1;gsemiliaciclismo@tin.it;
13.07.2022;17.07.2022;Ain Bugey Valromey Tour;;FRA;MJ;EUR;2.1;jm.vivier@tvo.bike;http://www.tvo.bike
13.07.2022;17.07.2022;Baloise Ladies Tour;;BEL;WE;EUR;2.1;glssport@telenet.be;www.baloiseladiestour.com
14.07.2022;17.07.2022;Vuelta Internacional Femenina a Costa Rica;;CRC;WE;AME;2.2;fecoci@fecoci.net;www.fecoci.net
15.07.2022;17.07.2022;Medzinárodné dni cyklistiky Dubnica nad Váhom;;SVK;MJ;EUR;2.1;skcsro@gmail.com;www.cyklistikaszc.sk
16.07.2022;16.07.2022;Slag om Norg;;NED;ME;EUR;1.1;johanwekema@live.nl;www.slagomnorg.nl
16.07.2022;16.07.2022;Grand Prix Germenica;;TUR;ME;EUR;1.2;info@bisiklet.gov.tr;www.bisiklet.gov.tr
16.07.2022;16.07.2022;National Road Championships - Czech Republic (MU23 - IRR);;CZE;;EUR;CN;info@ceskysvazcyklistiky.cz;www.ceskysvazcyklistiky.cz
16.07.2022;16.07.2022;National Road Championships - Slovakia (MU23 - IRR);;SVK;;EUR;CN;balaztomas76@gmail.com;
17.07.2022;17.07.2022;Grand Prix Kahramanmaras;;TUR;ME;EUR;1.2;info@bisiklet.gov.tr;www.bisiklet.gov.tr
17.07.2022;17.07.2022;National Road Championships - Singapore (IRR);;SIN;;ASI;CN;admin@cycling.org.sg;
18.07.2022;18.07.2022;Grand Prix Cerami;;BEL;ME;EUR;1.1;secretariat@grandprixcerami.be;www.grandprixcerami.be
22.07.2022;24.07.2022;Junioren Rundfahrt;;AUT;MJ;EUR;2.1;office@ooe-radsportverband.at;www.ooe-radsportverband.at
23.07.2022;23.07.2022;GP SLOVAKIA;;SVK;WE;EUR;1.2;zilovec@respect-slovakia.sk;www.cyklistikaszc.sk
23.07.2022;23.07.2022;Visegrad 4 Kerekparverseny;;HUN;ME;EUR;1.2;mozgasegeszsegrekreacio@gmail.com;https://v4kerekparverseny.hu
23.07.2022;27.07.2022;Ethias-Tour de Wallonie;;BEL;ME;EUR;2.Pro;"christophe.brandt@trworg.be; stephanie.roelens@trworg.be";www.trworg.be
24.07.2022;24.07.2022;Visegrad 4 Ladies Series - Hungary;;HUN;WE;EUR;1.2;mozgasegeszsegrekreacio@gmail.com;https://v4kerekparverseny.hu
24.07.2022;24.07.2022;GP Kranj;;SLO;ME;EUR;1.2;kksava@siol.net;www.kklub-sava.si
24.07.2022;24.07.2022;Visegrad 4 Bicycle Race - GP Slovakia;;SVK;ME;EUR;1.2;zilovec@respect-slovakia.sk;www.cyklistikaszc.sk
24.07.2022;24.07.2022;Grand Prix de la ville de Pérenchies;;FRA;ME;EUR;1.2;resolyne.pysson@numericable.fr;www.vile-peremchies.fr
24.07.2022;31.07.2022;Tour de France Femmes avec Zwift;;FRA;WE;MON;2.WWT;tgouvenou@aso.fr;letourfemmes.fr
25.07.2022;25.07.2022;Daags na de Tour;;NED;ME;EUR;CRTP;info@daagsnadetour.nl;www.daagsnadetour.nl
25.07.2022;25.07.2022;Daags na de Tour;;NED;WE;EUR;CRTP;info@daagsnadetour.nl;www.daagsnadetour.nl
25.07.2022;25.07.2022;Prueba Villafranca - Ordiziako Klasika;Prueba Villafranca - Ordiziako Klasika ;ESP;ME;EUR;1.1;jlsanzroa@hotmail.es;www.ordizia-pruebavillafranca.com
25.07.2022;26.07.2022;National Road Championships - Angola;;ANG;;AFR;CN;faci.desporto@hotmail.com;
26.07.2022;26.07.2022;Criterium d'après Tour de France;LISIEUX;FRA;ME;EUR;CRTP;"baubril49@gmail.com ; helenecb.vclisieux@gmail.com";
26.07.2022;30.07.2022;Dookoła Mazowsza;;POL;ME;EUR;2.2;mazoviateam@interia.pl;
27.07.2022;27.07.2022;Trofee van Vlaanderen;;BEL;MJ;EUR;1.1;info@wielerclubbergdal.be;www.wielerclubbergdal.be
27.07.2022;27.07.2022;Ronde des Korrigans;CAMORS;FRA;ME;EUR;CRTP;christian.nayel56@gmail.com;
27.07.2022;27.07.2022;Acht van Chaam;;NED;ME;EUR;CRTP;info@8vanchaam.nl;www.8vanchaam.nl
27.07.2022;27.07.2022;Acht van Chaam;;NED;WE;EUR;CRTP;info@8vanchaam.nl;www.8vanchaam.nl
27.07.2022;28.07.2022;Vuelta a Castilla y Leon;;ESP;ME;EUR;2.1;clubciclistacadalsa@outlook.com;www.vueltacastillayleon.es
27.07.2022;31.07.2022;Tour d'ALSACE;;FRA;ME;EUR;2.2;claude.deschaseaux9@orange.fr;www.touralsace.fr
27.07.2022;31.07.2022;Vuelta Ciclista a Miranda;;VEN;ME;AME;2.2;"fvciclismove@gmail.com; cardilloromero@gmail.com";https://fvciclismo.net/
28.07.2022;28.07.2022;Critérium Professionnel d’Après Tour de France de Dijon;DIJON;FRA;ME;EUR;CRTP;contact@scodijon.fr;www.scodijon.fr
28.07.2022;28.07.2022;Critérium Professionnel d’Après Tour de France de Djion;DIJON;;ME;EUR;CRTP;contact@scodijon.fr;www.scodijon.fr
28.07.2022;28.07.2022;Profronde Westland;Wateringen;NED;ME;EUR;CRTP;marco@profrondewestland.nl;www.profrondewestland.nl
29.07.2022;29.07.2022;Schmitter - Nacht von Hürth;;GER;ME;EUR;CRT;rlippok@komet-delia.de;www.komet-delia.de
29.07.2022;29.07.2022;Critérium de Colmar;COLMAR;FRA;ME;EUR;CRTP;francois.langlo@novartis.com;A creer
29.07.2022;31.07.2022;Anna Vasa Race;;POL;WE;EUR;2.2;nestle1@poczta.onet.pl;www.tkkpacifictorun.pl
29.07.2022;31.07.2022;Watersley Junior Challenge;;NED;MJ;EUR;2.Ncup;info@watersley-topsports.com;www.watersley.com
29.07.2022;01.08.2022;Kreiz Breizh Elites;;FRA;ME;EUR;2.2;alainbaniel@sitekbe.com;www.sitekbe.com
30.07.2022;30.07.2022;Hansa Bygg Grand Prix Kalmar;;SWE;WE;EUR;1.2;jan@jhwc.se;
30.07.2022;30.07.2022;Mijl van Mares;;NED;ME;EUR;CRT;info@mijlvanmares.nl;www.mijlvanmares.nl
30.07.2022;30.07.2022;Criterium Cycliste International du Grand Dole Colruyt;;FRA;ME;EUR;CRTP;pascal.mergey@orange.fr;criteriumcyclisteinternationaldugranddole.com
30.07.2022;30.07.2022;Donostia San Sebastian Klasikoa;;ESP;ME;UWT;1.UWT;admon@oceta.eus;www.klasikoa.eus
30.07.2022;31.07.2022;National Road Championships - Paraguay;;PAR;;AME;CN;secretaria@fpc.org.py;www.fpc.org.py
30.07.2022;05.08.2022;Tour de Pologne;;POL;ME;UWT;2.UWT;sekretariat@langteam.com.pl;www.tourdepologne.pl
31.07.2022;31.07.2022;CRITO'STAR;CHOISY LE ROI;FRA;ME;EUR;CRTP;velostar9@gmail.com;www.critostar.com
31.07.2022;31.07.2022;Ronde d'Aix;Aix en Provence;FRA;ME;EUR;CRTP;avcaix@gmail.com;avcaix.com
31.07.2022;31.07.2022;Coupe d'Europe des Grimpeurs;;SUI;ME;EUR;1.1;e.dellacasa@uec.ch;www.uec.ch
31.07.2022;31.07.2022;Coupe d'Europe des Grimpeurs;;SUI;MJ;EUR;1.1;e.dellacasa@uec.ch;www.uec.ch
31.07.2022;31.07.2022;Coupe d'Europe des Grimpeurs;;SUI;WE;EUR;1.2;e.dellacasa@uec.ch;www.uec.ch
31.07.2022;31.07.2022;Coupe d'Europe des Grimpeurs;;SUI;WJ;EUR;1.1;e.dellacasa@uec.ch;www.uec.ch
31.07.2022;31.07.2022;Puchar MON;;POL;ME;EUR;1.2;mazoviateam@interia.pl;
31.07.2022;31.07.2022;Grand Prix Yahyalı;;TUR;WE;EUR;1.2;info@bisiklet.gov.tr;www.bisiklet.gov.tr
31.07.2022;31.07.2022;Circuito de Getxo - Memorial Hermanos Otxoa;;ESP;ME;EUR;1.1;puntagalea@puntagalea.com;www.puntagalea.com
01.08.2022;01.08.2022;De Draai;;NED;WE;EUR;CRT;info@dedraai.nl;www.dedraai.nl
01.08.2022;01.08.2022;De Draai;;NED;ME;EUR;CRT;info@dedraai.nl;www.dedraai.nl
02.08.2022;02.08.2022;Critérium Cycliste International de Castillon-la-Bataille;Castillon-la-Bataille;FRA;ME;EUR;CRTP;barriere@hotmail.fr;http://criteriumcastillonlabataille.wordpress.com
02.08.2022;04.08.2022;Tour of Uppsala;;SWE;WE;EUR;2.1;goranmattsson.uck@hotmail.com;
02.08.2022;06.08.2022;Vuelta a Burgos;;ESP;ME;EUR;2.Pro;vueltaburgos@diputaciondeburgos.es;www.vueltaburgos.es
03.08.2022;03.08.2022;Criterium International Marcoles en Chataigneraie Souvenir Lucien Cantournet;Marcoles;FRA;ME;EUR;CRTP;yannick.cantournet1@wanadoo.fr;www.criterium-marcoles.com
03.08.2022;06.08.2022;Le Tour de Savoie Mont Blanc;;FRA;ME;EUR;2.2;digital@liveforevent.net;https://kingsofthemountain.com/
03.08.2022;07.08.2022;National Road Championships - France;;FRA;;EUR;CN;j.pitavy@ffc.fr;
04.08.2022;07.08.2022;Tour of Sakarya;;TUR;ME;EUR;2.2;info@bisiklet.gov.tr;www.bisiklet.gov.tr
04.08.2022;07.08.2022;Arctic Race of Norway;;NOR;ME;EUR;2.Pro;ked@arctic-race.no;www.arctic-race.com
04.08.2022;07.08.2022;Sazka Tour;;CZE;ME;EUR;2.1;info@sazkatour.cz;www.sazkatour.cz
04.08.2022;15.08.2022;Volta a Portugal em Bicicleta;;POR;ME;EUR;2.1;geral@podi1.com;www.volta-portugal.pt
05.08.2022;07.08.2022;Tour of Kosovo;;KOS;ME;EUR;2.2;kosovacf@yahoo.com;www.kosovacycling.org
05.08.2022;07.08.2022;Aubel-Thimister-Stavelot;;BEL;MJ;EUR;2.1;r_col@hotmail.com;www.fleche-ardennaise.be
05.08.2022;07.08.2022;CIC-Tour Féminin International des Pyrénées;;FRA;WE;EUR;2.1;elisabeth.cb@orange.fr;http://afcc-officiel.fr/
05.08.2022;14.08.2022;Tour Cycliste International de la Guadeloupe;;FRA;ME;EUR;2.2;comptabilite@crcg.fr;www.guadeloupecyclisme.com
06.08.2022;06.08.2022;Scandinavian Race in Uppsala 1909-2022;;SWE;ME;EUR;1.2;goranmattsson.uck@hotmail.com;www.upsalack.se
06.08.2022;06.08.2022;Criterium Cycliste Professionnel Dun Le Palestel;DUN LE PALESTEL;FRA;ME;EUR;CRTP;marie-france.delouis@wanadoo.fr;criteriumdunpro.wifeo.com
06.08.2022;06.08.2022;Postnord Vårgårda WestSweden TTT;;SWE;WE;MON;1.WWT;info@vargardacycling.se;www.vargardacycling.se
06.08.2022;07.08.2022;National Criterium Championships - Lithuania;;LTU;ME;EUR;CRT;info@ldsf.lt;www.ldsf.lt
06.08.2022;07.08.2022;Belgrade Trophy;;SRB;MJ;EUR;2.1;cyclingfederationbelgrade@gmail.com;www.bsbgd.rs
07.08.2022;07.08.2022;Wielerweekend Moerdijk;Zevenbergen;NED;ME;EUR;CRTP;secretariaat@wielerweekendmoerdijk.nl;www.profrondezevenbergen.nl
07.08.2022;07.08.2022;Wielerweekend Moerdijk;Zevenbergen;NED;WE;EUR;CRTP;secretariaat@wielerweekendmoerdijk.nl;www.profrondezevenbergen.nl
07.08.2022;07.08.2022;Criterium Cycliste International Vayrac;VAYRAC;FRA;ME;EUR;CRTP;gerard.gouygou@gmail.com;www.criteriumdevayrac.fr
07.08.2022;07.08.2022;Postnord Vårgårda WestSweden RR;;SWE;WE;MON;1.WWT;info@vargardacycling.se;www.vargardacycling.se
09.08.2022;11.08.2022;Tour de l'Ain;;FRA;ME;EUR;2.1;pcolliou@tourdelain.com;www.tourdelain.com
09.08.2022;14.08.2022;Vuelta a Colombia Femenina;;COL;WE;AME;2.2;PRESIDENCIA@federacioncolombianadeciclismo.com;FEDERACIONCOLOMBIANADECICLISMO.COM
09.08.2022;14.08.2022;Battle of the North;;NOR;WE;MON;2.WWT;ael@eventrix.no;www.ladiestour.no
10.08.2022;13.08.2022;Tour of Szeklerland;;ROU;ME;EUR;2.2;cycling@novakgroup.ro;https://tourofszeklerland.ro/
13.08.2022;13.08.2022;National Road Championships - Slovakia (MU23 - ITT);;SVK;;EUR;CN;balaztomas76@gmail.com;
13.08.2022;13.08.2022;La Périgord Ladies;;FRA;WE;EUR;1.2;tourdulimousin@wanadoo.fr;www.tourdulimousin.com
13.08.2022;14.08.2022;La Ronde Des Vallées;;FRA;MJ;EUR;2.1;jy.mahoudo@orange.fr;
14.08.2022;14.08.2022;Criterium Cycliste International de Quillan;QUILLAN;FRA;ME;EUR;CRTP;"patrick.quinta@sfr.fr ; julien.baudru@sfr.fr";
14.08.2022;14.08.2022;La Polynormande;;FRA;ME;EUR;1.1;"polynormande@gmail.com; gmorel35@outlook.fr";www.polynormande.com
14.08.2022;14.08.2022;La Picto - Charentaise;;FRA;WE;EUR;1.2;poitoucharentesanimation@orange.fr;www.tour-poitou-charentes.com
14.08.2022;14.08.2022;Gran Premio Sportivi di Poggiana - Trofeo Bonin Costruzioni;;ITA;MU;EUR;1.2U;asolobikepoggiana@gmail.com;www.gppoggiana.it
14.08.2022;21.08.2022;UEC Road European Championships;;GER;;EUR;CC;e.dellacasa@uec.ch;www.uec.ch
15.08.2022;15.08.2022;Grote Prijs Yvonne Reynders;;BEL;WE;EUR;1.2;info@gpyvonnereynders.be;www.gpyvonnereynders.be
16.08.2022;16.08.2022;Valstar Wielerspektakel Naaldwijk;Naaldwijk;NED;ME;EUR;CRTP;info@valstarwielerspektakel.nl;www.valstarwielerspektakel.nl
16.08.2022;16.08.2022;Gp Capodarco Comunita Di Capodarco;;ITA;MU;EUR;1.2U;adriano@gpcapodarco.net;www.gpcapodarco.net
16.08.2022;19.08.2022;Tour du Limousin - Nouvelle Aquitaine;;FRA;ME;EUR;2.1;tourdulimousin@wanadoo.fr;www.tourdulimousin.com
16.08.2022;20.08.2022;PostNord Danmark Rundt - Tour of Denmark;;DEN;ME;EUR;2.Pro;frank.hyldgaard@cyklingdanmark.dk;www.postnorddanmarkrundt.dk
17.08.2022;19.08.2022;One Belt One Road Nation's Cup Hungary;;HUN;MJ;EUR;2.Ncup;mozgasegeszsegrekreacio@gmail.com;https://ncuphungary.com/
18.08.2022;21.08.2022;Vuelta Junior a la Ribera del Duero;;ESP;MJ;EUR;2.1;deportes@arandadeduero.es;
18.08.2022;21.08.2022;Baltic Chain Tour;;EST;ME;EUR;2.2;info@proklubi.ee;
18.08.2022;28.08.2022;Tour de l'Avenir;;FRA;MU;EUR;2.Ncup;philippe.colliou@tourdelavenir.com;www.tourdelavenir.com
19.08.2022;19.08.2022;Grand Prix Kapuzbaşı;;TUR;ME;EUR;1.2;info@bisiklet.gov.tr;www.bisiklet.gov.tr
19.08.2022;11.09.2022;La Vuelta ciclista a España;;ESP;ME;UWT;2.UWT;info@unipublic.es;lavuelta.com
20.08.2022;22.08.2022;National Road Championships - Albania;;ALB;;EUR;CN;www,albcycling.al;www,albcycling.al
20.08.2022;24.08.2022;Trans-Himalaya Cycling Race;;CHN;ME;ASI;2.2;"admin@chncycling.com;1499349718@qq.com";
21.08.2022;21.08.2022;Schaal Sels Merksem/ Johan Museeuw Classic;;BEL;ME;EUR;1.1;secretariaat@karakterkoersen.be;www.karakterkoersen.be
21.08.2022;21.08.2022;MerXem Classic;;BEL;WE;EUR;1.1;merksem.classic@gmail.com;https://merxemclassic.doodlekit.com
21.08.2022;21.08.2022;Grand Prix Cappadocia;;TUR;ME;EUR;1.2;info@bisiklet.gov.tr;www.bisiklet.gov.tr
21.08.2022;21.08.2022;Memorial Henryka Łasaka;;POL;ME;EUR;1.2;memorial.lasaka@gmail.com;memorial.lasaka.com.pl
21.08.2022;21.08.2022;BEMER Cyclassics;;GER;ME;UWT;1.UWT;oliver.schiek@ironman.com;www.cyclassics-hamburg.de
22.08.2022;22.08.2022;Puchar Uzdrowisk Karpackich;;POL;ME;EUR;1.2;puchar.uzdrowisk@gmail.com;puchar.uzdrowisk.com.pl
23.08.2022;23.08.2022;Grand Prix Develi;;TUR;ME;EUR;1.2;info@bisiklet.gov.tr;www.bisiklet.gov.tr
23.08.2022;23.08.2022;Egmont Cycling Race;;BEL;ME;EUR;1.1;jogosseye@belgacom.net;www.egmontcyclingrace.be
23.08.2022;26.08.2022;Tour Poitou - Charentes en Nouvelle Aquitaine;;FRA;ME;EUR;2.1;poitoucharentesanimation@orange.fr;www.tour-poitou-charentes.com
24.08.2022;24.08.2022;Druivenkoers - Overijse;;BEL;ME;EUR;1.1;de.sportvrienden@proximus.be;www.desportvriendenoverijse.be
24.08.2022;28.08.2022;Deutschland Tour;;GER;ME;EUR;2.Pro;info@deutschland-tour.com;www.deutschland-tour.com
25.08.2022;25.08.2022;Kreiz Breizh Elites Féminin;;FRA;WE;EUR;1.1;alainbaniel@sitekbe.com;www.sitekbe.com
26.08.2022;26.08.2022;Prix Jean Renaux;Amiens;FRA;ME;EUR;CRTP;contact@promotion-sport-picardie.com;https://www.promotion-sport-picardie.com
26.08.2022;28.08.2022;Premondiale Giro Toscana Int. Femminile - Memorial Michela Fanini;;ITA;WE;EUR;2.2;info@michelafanini.com;www.michelafanini.com
26.08.2022;30.08.2022;Tour de DMZ;;KOR;MJ;ASI;2.Ncup;tourdedmz@sports.or.kr;http://www.tourdedmz.or.kr
27.08.2022;27.08.2022;Trofeo Comune di Vertova - Memorial Pietro Merelli;;ITA;MJ;EUR;1.1;ucsanmarco@gmail.com;www.sanmarcovertova.it
27.08.2022;27.08.2022;GP Himmerland Rundt;;DEN;ME;EUR;1.2;mk@mkevent.dk;www.northwest-jutland.dk
27.08.2022;27.08.2022;GP Plouay Junior Men;;FRA;MJ;EUR;1.1;tranvaux.jean-yves@wanadoo.fr;
27.08.2022;27.08.2022;Grand Prix CERATIZIT Women Junior;;FRA;WJ;EUR;1.1;tranvaux.jean-yves@wanadoo.fr;
27.08.2022;27.08.2022;GP Lorient Agglomération - Trophée CERATIZIT;;FRA;WE;MON;1.WWT;tranvaux.jean-yves@wanadoo.fr;www.grandprix-plouay.com
27.08.2022;28.08.2022;Bizkaikoloreak ;;ESP;WJ;EUR;2.Ncup;txirringan@euskalnet.net;https://www.facebook.com/bizkaikoloreak/
27.08.2022;28.08.2022;Tour of Almaty;;KAZ;ME;ASI;2.1;kazcycling@gmail.com;cycling.kz
27.08.2022;01.09.2022;Tour of Bulgaria;;BUL;ME;EUR;2.2;contact@bgcf.bg;www.bgcf.bg
28.08.2022;28.08.2022;RENT LIV Løbet Skive;;DEN;ME;EUR;1.2;mk@mkevent.dk;www.northwest-jutland.dk
28.08.2022;28.08.2022;La Route des Géants - Saint-Omer - Ieper;;BEL;MJ;EUR;1.1;bart.vannieuwenhuyze@telenet.be;www.kattekoers.be
28.08.2022;28.08.2022;La Route des Géantes - Saint-Omer - Ieper;;BEL;WE;EUR;1.2;bart.vannieuwenhuyze@telenet.be;www.kattekoers.be
28.08.2022;28.08.2022;Ronde van de Achterhoek;;NED;ME;EUR;1.2;eddy.geurkink2@outlook.com;www.rondevandeachterhoek.nl
28.08.2022;28.08.2022;Trofeo Emilio Paganessi;;ITA;MJ;EUR;1.1;ucsanmarco@gmail.com;www.sanmarcovertova.it
28.08.2022;28.08.2022;CROATIA - SLOVENIA;;SLO;ME;EUR;1.2;bogdan.fink@adriamobilcycling.com;
28.08.2022;28.08.2022;National Road Championships - Belgium (MU23 - IRR);;BEL;;EUR;CN;info@belgiancycling.be;www.belgiancycling.be
28.08.2022;28.08.2022;Bretagne Classic - Ouest-France;;FRA;ME;UWT;1.UWT;tranvaux.jean-yves@wanadoo.fr;www.grandprix.plouay.bzh
29.08.2022;29.08.2022;Guidon d'Or Hellemois;HELLEMMES;FRA;ME;EUR;CRTP;petit.vincent2@bbox.fr;
29.08.2022;04.09.2022;Benelux Tour ;;---;ME;UWT;2.UWT;info@golazo.com;www.binckbanktour.com
30.08.2022;04.09.2022;Simac Ladies Tour;;NED;WE;MON;2.WWT;thijs.rondhuis@gmail.com;www.ladiestour.nl
31.08.2022;04.09.2022;Tour of Silk Road - Hero Cities;;TUR;ME;EUR;2.2;info@bisiklet.gov.tr;www.bisiklet.gov.tr
01.09.2022;03.09.2022;Flanders Tomorrow Tour;;BEL;MU;EUR;2.2U;info@bredenekoksijdeclassic.be;http://www.bredenekoksijdeclassic.be
01.09.2022;04.09.2022;Giro Della Lunigiana;;ITA;MJ;EUR;2.1;marcodanese48@gmail.com;www.girodelalunigiana.org
01.09.2022;04.09.2022;Giro della Regione Friuli Venezia Giulia;;ITA;ME;EUR;2.2;libertasceresetto@gmail.com;www.libertasceresetto.com
02.09.2022;04.09.2022;Grand Prix Rüebliland;;SUI;MJ;EUR;2.1;info@gp-ruebliland.ch;www.gp-ruebliland.ch
03.09.2022;03.09.2022;Eurométropole Tour;;BEL;ME;EUR;1.Pro;circuitfrancobelge@skynet.be;www.eurometropoletour.com
03.09.2022;03.09.2022;Lillehammer GP;;NOR;ME;EUR;1.2;ael@basm.no;www.udw.no
03.09.2022;04.09.2022;In the footsteps of the Romans;;BUL;ME;EUR;2.2;cup@doltcini.com;https://cup.doltcini.com/
03.09.2022;04.09.2022;Subway 3 - Stage Race;;ANT;ME;AME;2.2;abcf@antiguacycling.com;
03.09.2022;07.09.2022;Tour de Singkarak;;INA;ME;ASI;2.2;"info@sumbar.travel;agungidris73@gmail.com";
04.09.2022;04.09.2022;Maryland Cycling Classic, presented by UnitedHealthcare;;USA;ME;AME;1.Pro;info@marylandcyclingclassic.us;marylandcyclingclassic.com
04.09.2022;04.09.2022;Grote prijs Beerens;;BEL;WE;MON;1.1;info@destervanaartselaar.be;www.destervanaartselaar.be
04.09.2022;04.09.2022;Gylne Gutuer;;NOR;ME;EUR;1.2;ael@basm.no;www.udw.no
04.09.2022;04.09.2022;Tour du Doubs;;FRA;ME;EUR;1.1;perrinjeanlouis@wanadoo.fr;
04.09.2022;11.09.2022;Tour of Britain;;GBR;ME;EUR;2.Pro;info@thetour.co.uk;www.tourofbritain.co.uk
06.09.2022;11.09.2022;Turul Romaniei;;ROU;ME;EUR;2.1;office@federatiadeciclism.ro;www.turulromaniei.ro
06.09.2022;12.09.2022;Tour Cycliste Féminin International de l'Ardèche;;FRA;WE;EUR;2.1;contact@tcfia.com;www.tcfia.com
07.09.2022;11.09.2022;Tour of Mesopotamia;;TUR;ME;EUR;2.2;info@bisiklet.gov.tr;www.bisiklet.gov.tr
08.09.2022;11.09.2022;Okolo jižních Čech / Tour of South Bohemia;;CZE;ME;EUR;2.2;info@okolojiznichcech.cz;http://www.okolojiznichcech.cz/
08.09.2022;11.09.2022;Ceratizit Challenge by La Vuelta;;ESP;WE;MON;2.WWT;madridchallenge@unipublic.es;lavuelta.com/Madridchallenge
09.09.2022;09.09.2022;Grand Prix Cycliste de Québec;;CAN;ME;UWT;1.UWT;info@gpcqm.ca;www.gpcqm.ca
09.09.2022;11.09.2022;Tour de Hokkaido;;JPN;ME;ASI;2.2;tourdech@jasmine.ocn.ne.jp;www.tour-de-hokkaido.or.jp
09.09.2022;11.09.2022;Watersley Womens Challenge;;NED;WU;MON;2.2;info@watersley-topsports.com;www.watersley.nl
09.09.2022;11.09.2022;Watersley Ladies Challenge;;NED;WJ;EUR;2.Ncup;info@watersley-topsports.com;www.watersley.com
10.09.2022;10.09.2022;A Travers les Hauts de France;;FRA;WE;EUR;1.2;sebastien.barre85@gmail.com;www.clovissportorganisation.fr
11.09.2022;11.09.2022;La Choralis Fourmies Féminine;;FRA;WE;EUR;1.2;gpf@mairie-fourmies.fr;www.grandprixdefourmies.com
11.09.2022;11.09.2022;GP de Fourmies / La Voix du Nord;;FRA;ME;EUR;1.Pro;gpf@mairie-fourmies.fr;www.grandprixdefourmies.com
11.09.2022;11.09.2022;Trofeo Buffoni;;ITA;MJ;EUR;1.1;trofeobuffoni@yahoo.it;www.trofeobuffoni.com
11.09.2022;11.09.2022;Antwerp Port Epic / Sels Trophy;;BEL;ME;EUR;1.1;secretariaat@karakterkoersen.be;www.karakterkoersen.be
11.09.2022;11.09.2022;Grand Prix de la Somme Conseil Départemental 80;;FRA;ME;EUR;1.2;"hubertlouvet@wanadoo.fr; contact@promotion-sport-picardie.com";www.promotion-sport-picardie.com
11.09.2022;11.09.2022;Grand Prix Cycliste de Montréal;;CAN;ME;UWT;1.UWT;info@gpcqm.ca;www.gpcqm.ca
13.09.2022;17.09.2022;Skoda Tour Luxembourg;;LUX;ME;EUR;2.Pro;info@skodatour.lu;www.skodatour.lu
13.09.2022;17.09.2022;Okolo Slovenska / Tour de Slovaquie;;SVK;ME;EUR;2.1;"privara@cyklistikaszc.sk; lucanic.ludovit@gmail.com";www.okoloslovenska.com
14.09.2022;14.09.2022;Grand Prix de Wallonie;;BEL;ME;EUR;1.Pro;"christophe.brandt@trworg.be; stephanie.roelens@trworg.be";www.trworg.be
14.09.2022;14.09.2022;Giro della Toscana - Memorial Alfredo Martini;;ITA;ME;EUR;1.1;coppasabatini@gmail.com;www.girodellatoscana.com
15.09.2022;15.09.2022;Coppa Sabatini - Gran Premio città di Peccioli;;ITA;ME;EUR;1.Pro;coppasabatini@gmail.com;www.coppasabatini.com
15.09.2022;17.09.2022;Tour of Xingtai;;CHN;ME;ASI;2.2;"admin@chncycling.com; admin@qiujijin.com; tourofxingtai_official@newtiming.com.cn";
15.09.2022;18.09.2022;Giro di Basilicata;;ITA;MJ;EUR;2.1;girodibasilicata@hotmail.it;
16.09.2022;16.09.2022;Kampioenschap van Vlaanderen;;BEL;ME;EUR;1.1;koolskamp@kampioenschapvanvlaanderen.be;www.kampioenschapvanvlaanderen.be
16.09.2022;17.09.2022;AG TOUR DE LA SEMOIS;;BEL;WE;MON;2.2;gino.verhasselt1@gmail.com;www.agtourdelasemois.com
17.09.2022;17.09.2022;Primus Classic;;BEL;ME;EUR;1.Pro;petervanpetegem@live.be;www.primusclassic.be
17.09.2022;17.09.2022;Memorial Marco Pantani;;ITA;ME;EUR;1.1;gsemiliaciclismo@tin.it;www.gsemilia.it
17.09.2022;18.09.2022;Keizer der Juniores;;BEL;MJ;EUR;2.1;jan.deramoudt@koksijde.be;www.keizerderjuniores.be
18.09.2022;18.09.2022;Gooikse Pijl;;BEL;ME;EUR;1.1;schets_danny@hotmail.com;http://www.gooiksportief.be/
18.09.2022;18.09.2022;Trofeo Matteotti;;ITA;ME;EUR;1.1;ucifernandoperna@gmail.com;www.trofeomatteotti.com
18.09.2022;18.09.2022;Grand Prix d'Isbergues - Pas de Calais;;FRA;ME;EUR;1.1;jean-claude.willems@wanadoo.fr;http://www.gpisbergues.com
18.09.2022;18.09.2022;Grand Prix International d'Isbergues - Pas de Calais Féminin;;FRA;WE;EUR;1.2;jean-claude.willems@wanadoo.fr;www.gpisbergues.com
18.09.2022;25.09.2022;Championnats du Monde Route UCI / UCI Road World Championships;Wollongong;AUS;;MON;CM;Stu@wollongong2022.com.au;
21.09.2022;21.09.2022;Omloop van het Houtland Middelkerke-Lichtervelde;;BEL;ME;EUR;1.1;info@omloopvanhethoutland.be;www.omloopvanhethoutland.be
25.09.2022;25.09.2022;Classique Paris-Chauny;;FRA;ME;EUR;1.1;contact@paris-chauny.fr;www.paris-chauny.fr
27.09.2022;27.09.2022;Ruota d'Oro - GP Festa del Perdono;;ITA;MU;EUR;1.2U;ctbcomm@val.it;www.gpruotadoro.it
27.09.2022;02.10.2022;Cro Race;;CRO;ME;EUR;2.1;vladimir.miholjevic@tse.hr;www.crorace.com
28.09.2022;02.10.2022;Ronde de l'Isard;;FRA;MU;EUR;2.2U;gsans2111@gmail.com;
29.09.2022;29.09.2022;Coppa Agostoni - Giro delle Brianze;;ITA;ME;EUR;1.1;info@scsmobililissone.com;https://www.coppaagostoni.it/
01.10.2022;01.10.2022;Oita Ikoinomichi Criterium;Oita City, Oita;JPN;ME;ASI;CRTP;tosikotsu@city.oita.oita.jp;
01.10.2022;01.10.2022;Giro dell'Emilia;;ITA;ME;EUR;1.Pro;gsemiliaciclismo@tin.it;www.gsemilia.it
01.10.2022;01.10.2022;Giro dell'Emilia Internazionale Donne Elite;;ITA;WE;EUR;1.Pro;gsemiliaciclismo@tin.it;www.gsemilia.it
01.10.2022;03.10.2022;Tour of Montenegro;;MNE;ME;EUR;2.2;"tourofmontenegro@gmail.com;";www.biciklistickisavezcg.me/
02.10.2022;02.10.2022;Il Piccolo Lombardia;;ITA;MU;EUR;1.2U;"info@piccologirodilombardia.it; info@velocluboggiono.it";www.piccologirodilombardia.it
02.10.2022;02.10.2022;Gran Premio Bruno Beghelli;;ITA;ME;EUR;1.1;gsemiliaciclismo@tin.it;www.gsemilia.it
02.10.2022;02.10.2022;Tour de Vendée;;FRA;ME;EUR;1.1;tourdevendee@gmail.com;tourdevendee.com
02.10.2022;02.10.2022;Oita Urban Classic;;JPN;ME;ASI;1.2;tosikotsu@city.oita.oita.jp;
02.10.2022;02.10.2022;Famenne Ardenne Classic;;BEL;ME;EUR;1.1;laurentmars@hotmail.com;www.famenneardenneclassic.be
03.10.2022;03.10.2022;Sparkassen Münsterland Giro;;GER;ME;EUR;1.Pro;bergmann@stadt-muenster.de;www.sparkassen-muensterland-giro.de
03.10.2022;03.10.2022;Coppa Bernocchi - GP BPM;;ITA;ME;EUR;1.Pro;u.s.legnanese@virgilio.it;uslegnanese.it
04.10.2022;04.10.2022;Binche -  Chimay - Binche / Mémorial Frank Vandenbroucke;;BEL;ME;EUR;1.1;"jeanlucvdb@skynet.be; fhar@rtbf.be; isalou24@yahoo.fr";www.binche-tournai-binche.eu
04.10.2022;04.10.2022;Binche Chimay Binche pour Dames;;BEL;WE;EUR;1.1;jeanlucvdb@skynet.be;
04.10.2022;04.10.2022;Tre Valli Varesine Women's Race;;ITA;WE;EUR;1.1;women@trevallivaresine.com;www.trevallivaresine.com
04.10.2022;04.10.2022;Tre Valli Varesine;;ITA;ME;EUR;1.Pro;"renzo.oldani@gmail.com;giaron@trevallivaresine.com";www.trevallivaresine.com
04.10.2022;08.10.2022;International Syrian Tour;;SYR;ME;ASI;2.2;syrian.cycling@hotmail.com;
04.10.2022;08.10.2022;International Syrian Tour;;SYR;WE;ASI;2.2;syrian.cycling@hotmail.com;
05.10.2022;06.10.2022;Tour of Binzhou;;CHN;ME;ASI;2.2;"admin@chncycling.com; tourofbinzhou@163.com";
06.10.2022;06.10.2022;Gran Piemonte;;ITA;ME;EUR;1.Pro;luca.papini@rcs.it;www.ilgranpiemonte.it
06.10.2022;06.10.2022;Paris - Bourges;;FRA;ME;EUR;1.1;laurent.planchon@wanadoo.fr;www.parisbourges.fr
07.10.2022;09.10.2022;Tour de Romandie;;SUI;WE;UWT;2.WWT;info@tourderomandie.ch;
08.10.2022;08.10.2022;Il Lombardia;;ITA;ME;UWT;1.UWT;stefano.allocchio@rcs.it;www.illombardia.it
08.10.2022;09.10.2022;La Philippe Gilbert juniors;;BEL;MJ;EUR;2.1;jeangilbert@hotmail.fr;www.philippegilbert.com
08.10.2022;11.10.2022;Tour of Taihu Lake;;CHN;ME;ASI;2.Pro;touroftaihulake@126.com;www.touroftaihu.com
09.10.2022;09.10.2022;Memorial Rik Van Steenbergen / Kempen Classic;;BEL;ME;EUR;1.1;secretariaat@karakterkoersen.be;www.karakterkoersen.be
09.10.2022;09.10.2022;Paris - Tours Espoirs ;;FRA;MU;EUR;1.2U;tgouvenou@aso.fr;www.letour.fr
09.10.2022;09.10.2022;Paris - Tours Elite;;FRA;ME;EUR;1.Pro;tgouvenou@aso.fr;www.letour.fr
10.10.2022;11.10.2022;Tour of Wenzhou Women's International Road Race;;CHN;WE;ASI;2.2;admin@chncycling.com;
12.10.2022;12.10.2022;Giro del Veneto;;ITA;ME;EUR;1.1;INFO@VENTUROSPORT.COM;VENTUROSPORT.COM
13.10.2022;15.10.2022;Tour of Chongming Island;;CHN;WE;MON;2.WWT;"admin@chncycling.com; shcmhds@vip.163.com";www.shcmty.net
13.10.2022;18.10.2022;Gree-Tour of Guangxi;;CHN;ME;UWT;2.UWT;zhangyaoli@wanda.cn;
15.10.2022;15.10.2022;Japan Cup Criterium;Utsunomiya City, Tochigi;JPN;ME;ASI;CRTP;japan-cup@city.utsunomiya.tochigi.jp;www.japancup.gr.jp
16.10.2022;16.10.2022;Chrono des Nations;;FRA;MU;EUR;1.2U;contact@chronodesnations.com;www.chronodesnations.com
16.10.2022;16.10.2022;Chrono des Nations;;FRA;MJ;EUR;1.1;contact@chronodesnations.com;www.chronodesnations.com
16.10.2022;16.10.2022;Chrono des Nations;;FRA;WE;EUR;1.1;contact@chronodesnations.com;www.chronodesnations.com
16.10.2022;16.10.2022;Chrono des Nations;;FRA;WJ;EUR;1.1;contact@chronodesnations.com;www.chronodesnations.com
16.10.2022;16.10.2022;Veneto Classic;;ITA;ME;EUR;1.1;INFO@VENTUROSPORT.COM;VENTUROSPORT.COM
16.10.2022;16.10.2022;Chrono des Nations;;FRA;ME;EUR;1.1;contact@chronodesnations.com;www.chronodesnations.com
16.10.2022;16.10.2022;Japan Cup Cycle Road Race;;JPN;ME;ASI;1.Pro;japan-cup@city.utsunomiya.tochigi.jp;www.japancup.gr.jp
18.10.2022;18.10.2022;Tour of Guangxi;;CHN;WE;MON;1.WWT;zhangyaoli@wanda.cn;